"Product Name",Description,"Image Link",Price,Rating,"Merchant Name"
"HP MURAH HANDPHONE JADUL NOKIA 105 2017 DUAL SIM CARD GARANSI DISKON","BARANG READY STOCK SILAHKAN DIPESAN SAJA.
BURUAN DIORDER SEBELUM KEHABISAN!!

WARNA: HITAM, PUTIH, BIRU
MOHON CANTUMKAN 2 WARNA ( WARNA CADANGAN)

PRODUK BARU, BUKAN REKONDISI/SECOND
FULL SET BARU SEMUA

SUPERCOPY 99.9% GRADE AAA
GARANSI 3 HARI SEJAK DITERIMA

Nokia jadul 105 2017 GSM bahasa indonesia new

Nokia jadul murah & bergaransi
- hp dual sim
- battery
- new charger
- box dus

Stock Ready !
Silahkan Di Order Ya Sebelum Kehabisan.","https://images.tokopedia.net/img/cache/500-square/VqbcmM/2021/8/15/6ddbe16c-c862-416f-9867-37f03f2ecf81.jpg.webp?ect=4g",135000.0,5.0,TokoWingAcc
"XIAOMI REDMI 4A 2/16 GB","XIAOMI REDMI 4A
RAM 2GB ROM 16GB

WARNA : GOLD BLACK (Mohon untuk menanyakan stock warna kepada admin)

*Sudah bahasa indonesia dan play store
*Bisa di bantu claim garansi ke service center
*Garansi tidak berlaku jika human rusak/eror seperti yang disebutkan diatas

SPESIFIKASI :

NETWORK Technology
GSM / HSPA / LTE
LAUNCH Announced 2016, November
Status Available. Released 2016, November
BODY Dimensions 139.9 x 70.4 x 8.5 mm (5.51 x 2.77 x 0.33 in)
Weight 131.5 g (4.66 oz)
Build Plastic body
SIM Hybrid Dual SIM (Nano-SIM/ Micro-SIM, dual stand-by)
DISPLAY Type IPS LCD capacitive touchscreen, 16M colors
Size 5.0 inches, 68.0 cm2 (~69.0% screen-to-body ratio)
Resolution 720 x 1280 pixels, 16:9 ratio (~296 ppi density)
PLATFORM OS Android 6.0.1 (Marshmallow); MIUI 10
Chipset Qualcomm MSM8917 Snapdragon 425 (28 nm)
CPU Quad-core 1.4 GHz Cortex-A53
GPU Adreno 308
MEMORY Card slot microSD, up to 256 GB (uses shared SIM slot)
Internal 1 GB, 2 GB RAM
MAIN CAMERA Single 13 MP, f/2.2, AF
Features LED flash, HDR, panorama
Video 1080p@30fps
SELFIE CAMERA Single 5 MP, f/2.2
Video
SOUND Loudspeaker Yes
3.5mm jack Yes
Active noise cancellation with dedicated mic
COMMS WLAN Wi-Fi 802.11 b/g/n, Wi-Fi Direct, hotspot
Bluetooth 4.1, A2DP, LE
GPS Yes, with A-GPS, GLONASS, BDS
Infrared port Yes
Radio FM radio
USB microUSB 2.0
FEATURES Sensors Accelerometer, gyro, proximity
BATTERY Non-removable Li-Ion 3120 mAh battery

KELENGKAPAN BARANG :
1. kelengkapan FULLSET dr pabrik
2. kartu
3. Segel garansi 1 Tahun

Garansi tidak berlaku jika ditemukan HUMAN ERROR, seperti:
1. Terkena cairan
2. Segel Rusak/Hilang
3. Unit lecet
4. Terbakar
5. Terjatuh
6. Human error (Kesalahan Pengguna)

Ketentuan Return:
1. Garansi full 1 Tahun Distributor
2. Aksesoris tidak ada garansi.
3. Barang yang di return harus dalam keadaan seperti baru, tidak lecet, dan lengkap
4. Returan semua diganti barang baru dengan TIPE YANG SAMA (kondisi mulus)
5. Ongkos kirim & retur sepenuhnya di tanggung pembeli","https://images.tokopedia.net/img/cache/500-square/VqbcmM/2020/12/21/7d267a8c-f752-44ae-b491-081044ad0fc5.jpg.webp?ect=4g",535000.0,4.2,daystore_id
"OPPO Reno 6 varian 8/128 Garansi Resmi","Open PO ya. Barang baru dan segel !
cuman hari ini Harga Normal 5.199.000 Barang resmi OPPO Indonesia Bukan barang Demo! Garansi 1 tahun untuk unit Garansi 6 bulan untuk accesoris Harap untuk divideo waktu unboxing paket, kami tidak menerima komplain tanpa video unboxing - Barang yang sudah dibeli tidak dapat ditukar atau di kembalikan, kecuali ada cacat barang saat baru dibuka - Batas waktu pengajuan komplain 1x24 jam - Membeli = setuju","https://images.tokopedia.net/img/cache/500-square/VqbcmM/2021/8/4/8043838d-aeee-4926-a106-70b842a2e936.jpg.webp?ect=4g",3950000.0,4.9,"Toko GadgetSecond"
"iphone xr 64gb","jaringan aman üíØ
Bisa pakai semua kartu / all provider
Disini kami Prioritaskan KEAMANAN


Ready iP XR 64GB
pilihan warna : coral
kondisi unit mulus 90-95%
icloud kosong. bebas reset. bebas update terbaik
all unit fungsi normal lancar jaya
LCD original bawaan 100%
KESEHATAN BH DIATAS 85%
garansi toko 1 minggu
segel rusak / hilang garansi hangus
fullset (lengkap) acc oem hfi konek blueetooth

Note : perlengkapan aksesoris OEM artinya bukan original bawaan. seperti Adapter / Kabel / Headset tidak ada garansi üôè","https://images.tokopedia.net/img/cache/500-square/VqbcmM/2021/5/5/bfea7ff8-4950-41c9-83d8-735e535930b4.jpg.webp?ect=4g",5050000.0,4.9,"Mobile Store88"
"xiomi/redmi 3s fingerprint 2/16gb","Budayakan membaca :
Setiap penerimaan paket harap di unboxing secara divideokan !
Apabila ada komplain tanpa video tersebut akan dinyatakan tidak sah !

ga perlu tanya lg gan selama msh tayang, stock slalu ready!

rom 2gb
ram 16gb
fingerprint
Dengan layar 5.0"" inchi(720√ó1280 pixels)
Camera 13MP-5MP
Ram 2GB Rom 16GB
Battery 4100 mAh
Snapdragon 430
Body Dimensions (139.3√ó69.6√ó8.5mm(5.48√ó2.74√ó0.33 in)
Weight 144g(5.08oz)

GARANSI TOKO AKAN VOID(HANGUS) JIKA HUMAN ERROR SEPERTI :
- Terjatuh
- Terbakar
- Segel rusak/hilang
- Terkena cairan

Harap baca ketentuan dan syarat retur barang di toko kami :
1) kami tidak akan proses retur barang jika masih ada MI cloud
2) barang saat diretur harus sama seperti waktu kami kirim dan segel masih utuh
3) ongkos kirim dan retur sepenuhnya ditanggung pembeli
4) garansi dari kami 3 hari setelah barang sampai dan berlaku jika segel masih utuh dan bukan kesalahan dari pengguna sendiri

Catatan:
- MOHON DIBACA DAHULU SEBELUM MELAKUKAN TRANSAKSI
- REVIEW ATAU COMMENT NEGATIVE PADA LAPAK GARANSI JUGA VOID (HANGUS)","https://images.tokopedia.net/img/cache/500-square/VqbcmM/2020/12/11/50e669cb-11e6-49c2-b893-3d04bb8171b8.jpg.webp?ect=4g",620000.0,4.9,indoponsel8
"XIAOMI Mi POCO X3 Pro 6/128GB NFC Snapdragon‚Ñ¢ 860 48MP 5160mAh - Metal Bronze","Xiaomi Official Store Garansi Resmi
POCO X3 Pro memiliki teknologi memori UFS 3.1 yang ditingkatkan, POCO X3 Pro menawarkan kecepatan baca dan tulis yang tajam.
POCO X3 Pro menggunakan Teknologi LiquidCool 1.0 Plus.

POCO X3 Pro memiliki Rasio refresh rate 120Hz. Pada refresh rate layar tinggi 120Hz, kamu tidak akan pernah tertinggal. Nikmati gerakan lancar yang mulus dalam game penuh aksi dan tetap menjadi yang terdepan dalam persaingan.

POCO X3 Pro dilengkapi dengan Corning¬Æ Gorilla¬Æ Glass 6 Tahan jatuh dari ketinggian hingga 1,6m ke permukaan yang keras dan kasar. Peningkatan ketahanan gores Peningkatan hingga 2x dibandingkan dengan aluminosilikat alternatif*.

POCO X3 Pro memiliki Baterai 5160mAh. 11 jam bermain game, 18 jam perekaman video, 110 jam pemutaran musik*. Pengisian daya cepat 33W Dengan pengisian daya cepat 33W, POCO X3 Pro dapat dihidupkan dengan cepat, memastikan bahwa kamu selalu siap sedia. Jangan biarkan pengisian daya yang lambat memperlambat kamu! 30 menit untuk isi daya hingga 59%, 50 menit untuk isi daya hingga 100%.
POCO X3 Pro juga dilengkapi dengan NFC*, IR Blaster, IP53, 3,5mm headphone jack.

Spesifikasi

Penyimpanan & RAM
6+128GB/ 8+256GB
LPDDR4X+UFS 3.1
*Penyimpanan dan RAM yang tersedia lebih sedikit dari total memori dikarenakan penyimpanan operasi sistem dan pra-instal software di perangkat.
*Konfigurasi yang tersedia bervariasi antar daerah.
Dimensi
Tinggi: 165,3 mm
Lebar: 76,8 mm
Ketebalan: 9,4 mm
Berat: 215g
Kamera Depan
20MP kamera depan dalam layar f/2.2 1,6Œºm piksel besar (4-in-1)
Fitur Video & Fotografi
Mode malam
Dual video
Jaringan Nirkabel
Wi-Fi 5
Mendukung 2,4GHz Wi-Fi/5GHz Wi-Fi
Bluetooth 5.0
Sensor
Sensor jarak | Sensor cahaya sekitar | Akselerometer | Giroskop | Kompas elektronik | Motor getaran | IR blaster
Sistem operasi
MIUI 12 berbasis POCO
Isi Paket Pembelian

POCO X3 Pro
Adaptor
Kabel USB Tipe-C
Alat SIM Ejektor
Case Pelindung
Panduan Pengguna
Kartu Garansi","https://images.tokopedia.net/img/cache/500-square/VqbcmM/2021/8/2/dd207cce-3475-497c-9a8c-3ba8e382d722.png.webp?ect=4g",3499000.0,4.9,"Xiaomi Official Store"
"Iphone XR Garansi Resmi Ibox - Hitam, 64 New Package","Promo Price sesuai stok yang tersedia
Unit baru dan terbatas
Silahkan cekout jika stok masih ada


Iphone XR - Garansi Resmi Apple
Green Peel
New Product
Garansi Resmi Apple indonesia

Product Air Pods pro Garansi Resmi
mungkin anda menyukainya


- Prodak Garansi 364 Hari
( Tidak Sampai Setahun )
Pada saat Aktifasi Connect Wifi

yang dipake dan diliat saat Claimb Garansi Adalah
Tgl Estimasi Expired Atau Nota Pembelian

Mohon Melalukan Pengecekan pada saat pembelian - sebelum Aktifasi

Untuk Pengecekan Bisa untuk Link
https://checkcoverage.apple.com

Perhatian !!
Mohon teliti pada saat menerima produk ,
Silahkan lalukan pengecekan status aktivasi terlebih dahulu , melalui link di bawah ini :
https://checkcoverage.apple.com/

Garansi Resmi
Tidak ada Garansi Toko
Dengan Mengaktifkan Prodak , Pembeli Wajib Mengikuti Kebijakan
Dan Garansi yg tertera

jam Operasional kami setiap harinya jam 11:30 - 18:30 Wib .
untuk pengiriman Gosend/ Grab maksimal setiap harinya terakhir jam 15:45Wib

prodak harus di asuransikan dari pihak penjual dan penbeli.
imei terdaftar di menki info.


ulasan Toko:


Prodak Prodak Lainnya:
PowerBank Original


Tambahkan Apple Adapter:


Tambahkan Apple Earpods:


Tambahkan Silikon:


Tambahkan Tempered Glass:


Tambahkan Lamina Tempered Glass:


Tambahkan Anti Gores Hydrogel:","https://images.tokopedia.net/img/cache/500-square/attachment/2021/3/24/65580410/65580410_85c2e463-77ee-4b49-9961-b1ab60aa6fef.jpg.webp?ect=4g",7249000.0,5.0,"Cv.Sentra inti pratama"
"XIAOMI POCOPHONE POCO F3 5G - NFC - 8GB 256GB 8/256 - SNAPDRAGON 870 - Deep Ocean Blue","XIAOMI POCOPHONE POCO F3 5G 8/256GB

GARANSI RESMI XIAOMI INDONESIA
IMEI TERDAFTAR DI WEBSITE KEMENPERIN

WARNA TERSEDIA SESUAI VARIAN
- Night Black
- Arctic White
- Deep Ocean Blue

Spesifikasi :

NETWORK Technology
GSM / HSPA / LTE / 5G
LAUNCH Announced 2021, March 22
Status Available. Released 2021, March 27
BODY Dimensions 163.7 x 76.4 x 7.8 mm (6.44 x 3.01 x 0.31 in)
Weight 196 g (6.91 oz)
Build Glass front (Gorilla Glass 5), glass back (Gorilla Glass 5), plastic frame
SIM Dual SIM (Nano-SIM, dual stand-by)
DISPLAY Type AMOLED, 120Hz, HDR10+, 1300 nits (peak)
Size 6.67 inches, 107.4 cm2 (~85.9% screen-to-body ratio)
Resolution 1080 x 2400 pixels, 20:9 ratio (~395 ppi density)
Protection Corning Gorilla Glass 5
PLATFORM OS Android 11, MIUI 12 for POCO
Chipset Qualcomm SM8250-AC Snapdragon 870 5G (7 nm)
CPU Octa-core (1x3.2 GHz Kryo 585 & 3x2.42 GHz Kryo 585 & 4x1.80 GHz Kryo 585)
GPU Adreno 650
MEMORY Card slot No
Internal 128GB 6GB RAM, 256GB 8GB RAM
UFS 3.1
MAIN CAMERA Triple 48 MP, f/1.8, 26mm (wide), 1/2"", 0.8¬µm, PDAF
8 MP, f/2.2, 119Àö (ultrawide)
5 MP, f/2.4, 50mm (macro), 1/5.0"", 1.12¬µm, AF
Features LED flash, HDR, panorama
Video 4K@30fps, 1080p@30/60/120/240/960fps, gyro-EIS
SELFIE CAMERA Single 20 MP, f/2.5, (wide), 1/3.4"", 0.8¬µm
Features HDR
Video 1080p@30fps, 720p@120fps
SOUND Loudspeaker Yes, with stereo speakers
3.5mm jack No
24-bit/192kHz audio
COMMS WLAN Wi-Fi 802.11 a/b/g/n/ac/6, dual-band, Wi-Fi Direct, hotspot
Bluetooth 5.1, A2DP, LE
GPS Yes, with dual-band A-GPS, GLONASS, BDS, GALILEO, QZSS, NavIC
NFC Yes (market/region dependent)
Infrared port Yes
Radio No
USB USB Type-C 2.0, USB On-The-Go
FEATURES Sensors Fingerprint (side-mounted), accelerometer, gyro, proximity, compass, color spectrum
BATTERY Type Li-Po 4520 mAh, non-removable
Charging Fast charging 33W, 100% in 52 min (advertised)
Power Delivery 3.0
Quick Charge 3+
MISC Colors Arctic White, Night Black, Deep Ocean Blue","https://images.tokopedia.net/img/cache/500-square/VqbcmM/2021/5/13/ba35ca02-4cf1-4649-bf03-19a2ea6f6b50.png.webp?ect=4g",5399900.0,5.0,"Shopyz ID"
"iPhone SE 2 (2020) Garansi Resmi IBox - Hitam, 128 New Package","Perbedaan Full pack dan New Pack ,

Full pack
( Unit , Kabel , Adaptor , Earphone )

New pack / Slim Pack
(Unit dan Kabel)

Green Peel
Garansi Resmi Apple


Prodak Garansi 364 Hari
( Tidak Sampai Setahun )
Pada saat Aktifasi Connect Wifi

yang dipake dan diliat saat Claimb Garansi Adalah
Tgl Estimasi Expired Atau Nota Pembelian

Mohon Melalukan Pengecekan pada saat pembelian - sebelum Aktifasi

Untuk Pengecekan Bisa untuk Link
https://checkcoverage.apple.com/


Untuk Unit yg sudah Teraktifasi / Connect Wifi / Internet:

1.Tidak Ada pergantian Unit ,
Jika Mengalami Cacat Fisik atau Kerusakan Lainnya

2.Harap Baca syarat Dan Ketentuan yg berlaku Sebelum Melakukan Check Out

-Garansi Resmi Apple indonesia
-Garansi Sesuai S&K berlaku
-Prodak Green Peel


internal
64GB 3GB RAM,
128GB 3GB RAM
256GB 3GB RAM


untuk Type 7 Plus 128 GB


untuk Type 7 Plus 32 GB


Untuk Tempered GLass iphone 7 plus


Tambahkan Tempered Glass:


Tambahkan Silikon:


Tambahkan Anti Gores Hydrogel:","https://images.tokopedia.net/img/cache/500-square/VqbcmM/2020/11/10/2ac1aa56-7380-46ac-8d27-45d8103fa724.jpg.webp?ect=4g",7549000.0,5.0,"Cv.Sentra inti pratama"
"Xiaomi Mi 11 Lite 6/128GB NFC Snapdragon‚Ñ¢ 732G Smartphone HP Android - Peach Pink","Xiaomi Mi 11 Lite

Xiaomi Official Store Garansi Resmi, IMEI Resmi Terdaftar di IMEI KEMENPERIN

Xiaomi Mi 11 Lite memiliki desain super tipis

Xiaomi Mi 11 Lite menggunakan sensor sidik jari samping melengkung. layar DotDisplay AMOLED 6,55


Xiaomi Mi 11 Lite dilengkapi dengan baterai besar 4250mAh (typ).

Xiaomi Mi 11 Lite menggunakan Speaker ganda dapatkan pengalaman audio lengkap. Dilengkapi juga dengan sensor sidik jari di bagian samping, NFC Multi-fungsi, dan Teknologi LiquidCool

Warranty 15 months

Spesifikasi

Penyimpanan & RAM
6GB+64GB
8GB+128GB
Penyimpanan LPDDR4X RAM+UFS 2.2 dengan Host Performance Booster

Dimensi
Tinggi: 160,53mm
Lebar: 75,73mm
Ketebalan: 6,81mm
Berat: 157g

Layar
DotDisplay AMOLED FHD+ 6,55‚Äù
kedalaman warna 10-bit
Rasio refresh: 60/90Hz
Mendukung mode Baca 3.0
Sensor cahaya ambien 360 derajat
Corning¬Æ Gorilla¬Æ Glass 5

Prosesor
Qualcomm¬Æ Snapdragon‚Ñ¢ 732G
CPU:Qualcomm¬Æ Kryo‚Ñ¢ 470, octa-core CPU, hingga 2,3GHz
GPU: GPU Qualcomm¬Æ Adreno‚Ñ¢ 618

Baterai & Pengisian Daya
Baterai 4250mAh (umum)
USB-C
Mendukung pengisian daya cepat 33W
Pengisi daya cepat 33W disertakan dalam kemasan

Kamera
Kamera utama 64MP
Kamera ultra-wide angle 8MP
Kamera depan 16MP
Fitur fotografi kamera depan
Mode malam,Mode beruntun berpengaturan waktu,AI Beautify
Fitur video kamera depan
Mode Selfie Night

Keamanan
Sensor sidik jari samping berlengkung
Buka Kunci AI dengan Pengenalan Wajah
NFC
Mendukung NFC* Multifungsi
Mendukung Google Pay

Jaringan Nirkabel yang didukung
Mendukung protokol: Wi-Fi4, Wi-Fi 5, dan 802.11a/b/g
Mendukung WiFi Direct, WiFi Display
Bluetooth 5.1

Navigasi & Pemosisian
GPS: L1
Glonass: G1, Galileo: E1

AMR
Pemutaran video
Sistem Operasi
MIUI 12, Android 11
Sensor
Sensor jarak | Sensor cahaya ambien | Akselerometer | Girosk

Isi Kemasan
Mi 11 Lite | Adaptor | Kabel USB Tipe-C | Adaptor Headphone Tipe-C ke 3,5 mm | Alat pembuka SIM | Casing lembut | Panduan pengguna | Kartu garansi","https://images.tokopedia.net/img/cache/500-square/VqbcmM/2021/9/9/f7a35b2e-5125-47ff-97e2-bacf6165b2e5.jpg.webp?ect=4g",3799000.0,5.0,"Xiaomi Official Store"
"Samsung Galaxy A32 8/128GB 6/128GB Garansi Resmi 6 GB 8 GB 128 GB - 6GB 128GB, Non Bundle","Tersedia juga aksesoris kompatible dengan produk ini:
Anti Gores: https://www.tokopedia.com/distriponsel/anti-gores-jelly-tempered-glass-hydrogel-xiaomi-samsung-vivo-oppo-real
TWS: https://www.tokopedia.com/distriponsel/realme-buds-air-pro-garansi-resmi-realme-original-realme-tws
Powerbank:

Packing yang lebih aman (Opsional, untuk standar packing kami sudah memakai bubble wrap) :
Ekstra Bubble:
Packing Kayu:

Mengenai varian:
Non Bundle = Tidak dapat bonus yang seperti digambar
Bundle Headset = Dapat bonus headset Pioneer
Bundle Powerbank = Dapat bonus Realme Powerbank 2i
Bundle Hydrogel = Dapat bonus Anti Gores Hydrogel
Bundle Lengkap = Dapat semua bonus yang disebutkan diatas

HARAP DIBACA SEBELUM MEMBELI
WARNA READY: Hitam, Putih
CANTUMKAN PILIHAN WARNA PADA CATATAN UNTUK PENJUAL
BONUS AKAN DIKIRIMKAN SELAMA STOCK TERSEDIA

Belanja lebih hemat pakai voucher, cek disini:
/

Tersedia juga produk Xiaomi:


Tersedia juga produk Vivo:


Tersedia juga produk Oppo:


Tersedia juga produk Samsung:


NOTE SEBELUM MEMBELI:
- Barang yang dijual adalah BNIB ( Brand New In Box ) kita tidak jual barang bekas ataupun refurbish
- Untuk product Oppo, Vivo dan Realme segel terlebih dahulu kita buka sebelum di kirim, untuk di ambil & di registrasi kartu garansi.
- Spesifikasi lengkap dapat dicek melalui website resmi masing- masing produk.
- Kerusakan dan kehilangan saat pengiriman diluar tanggung jawab kami.","https://images.tokopedia.net/img/cache/500-square/VqbcmM/2021/8/4/665eb710-4e74-4d55-99a0-15945f6a789c.jpg.webp?ect=4g",3365000.0,4.9,"Distributor Ponsel"
"Xiaomi Official Mi 10T Pro 8/128GB Snapdragon 865 Smartphone 5000mAh - Cosmic Black","Xiaomi Official Store Garansi Resmi

Xiaomi Mi 10T Pro merupakan flagship 5G tingkat berikutnya dilengkapi dengan 108MP triple kamera AI, 144Hz tampilan AdaptiveSync dengan TrueColor, prosesor Qualcomm¬Æ Snapdragon‚Ñ¢ 865 dengan 5G, dan memiliki kapasitas baterai 5000mAh (typ) dengan pengisian daya cepat 33W.

Xiaomi Mi 10T Pro dilengkapi dengan kamera utama 108MP, memiliki kamera ultra-wide angle FoV hingga 123¬∞

Xiaomi Mi 10T Pro menggunakan prosesor yang kuat dan cepat yaitu Qualcomm¬Æ Snapdragon‚Ñ¢ 865 dengan 5G, chipset 5G terbaik tahun 2020. Peningkatan performa CPU, GPU, dan AI yang tinggi, memberikan pengalaman 5G yang cepat, serta mendukung Wi-Fi 6.

Xiaomi Mi 10T Pro memiliki baterai berkapasitas besar 5000mAh, lebih stabil dan efisien serta dapat melakukan pengisian daya cepat 33W. Menggabungkan teknologi MMT yang inovatif dan teknologi Mi Fast Charge. Mengisi daya 100% hanya dalam 59 menit.

warranty 24 months

Spesifikasi:

Dimensi: Tinggi: 165.1mm | Lebar: 76.4mm | Tebal: 9.33mm
Berat: 218g
Prosesor: Qualcomm¬Æ Snapdragon‚Ñ¢ 865 dengan 5G | CPU Octa-core, hingga 2,84 GHz
Penyimpanan & RAM: 8GB + 128 GB
Kamera Belakang: 108MP + 13MP + 5MP
Resolusi: 2400 x 1080 FHD +
Baterai dan Pengisian: 5000mAh (typ) * / 4900mAh | 33W kabel pengisian cepat
Jaringan dan Konektivitas: Dual kartu nano-SIM | Mendukung 5G / 4G + / 4G / 3G / 2G
NFC: Multifunctional NFC
Keamanan: Sensor sidik jari, AI face lock
Audio: MP3, FLAC, APE, AAC, OGG , WAV, WMA, AMR, AWB
Video: MP4 ‰∏® M4V ‰∏® MKV ‰∏® AVI ‰∏® WMV ‰∏® WEBM ‰∏® 3GP ‰∏® 3G2 ‰∏® ASF
Sensor: Proximity sensor | Ambient light sensor | Accelerometer | Gyroscope | Electronic compass | X-axis linear motor | IR Blaster


Isi Paket Pembelian:

Mi 10T Pro
Adaptor daya
Kabel USB-C
Alat pelepas SIM
Panduan pengguna
Kartu garansi
Casing anti bakteri ion perak
Pelindung layar anti bakteri","https://images.tokopedia.net/img/cache/500-square/VqbcmM/2021/8/12/f52026f4-64d1-4673-aebf-b03e53d5d108.png.webp?ect=4g",5999000.0,4.9,"Xiaomi Official Store"
"IPhone 12 Pro Garansi Resmi Ibox - Graphite, 128 gb","Green Peel
New Product
Garansi Resmi Apple indonesia


- Prodak Garansi 364 Hari
( Tidak Sampai Setahun )
Pada saat Aktifasi Connect Wifi

yang dipake dan diliat saat Claimb Garansi Adalah
Tgl Estimasi Expired Atau Nota Pembelian

Mohon Melalukan Pengecekan pada saat pembelian - sebelum Aktifasi


Garansi Resmi Apple
Tidak ada Garansi Toko
Dengan Mengaktifkan Prodak , Pembeli Wajib Mengikuti Kebijakan
Dan Garansi yg tertera

Tempered GLASS PREMIUM


CASE MAGSAFE Copy:


Tambahkan Apple Adapter::


Atau Variasi Lain Dari Adapter 20 watt Anker Adapter 20 Watt USB-C:


Tambahkan AirPods Pro:


Tambahkan Apple Earpods:



Tambahkan Lamina Tempered Glass:


Tambahkan Anti Gores Hydrogel:","https://images.tokopedia.net/img/cache/500-square/VqbcmM/2021/8/24/6c283596-c45a-48c9-8942-37f167496722.png.webp?ect=4g",1.5399E7,5.0,"Cv.Sentra inti pratama"
"Xiaomi Official Redmi 9A 3/32GB 6.53"" HD Mi Smartphone AI Face Unlock - Grey","Xiaomi Official Store Garansi Resmi, IMEI Resmi
Redmi 9A memiliki layar imersif 6,53"" HD+ dengan layar besar, kamu dapat sepenuhnya membenamkan diri di dunia maya. Cahaya biru rendah untuk pengalaman melihat yang nyaman.
Redmi 9A memiliki baterai besar 5000mAh dengan 34 hari waktu siaga, baterai ini memberikan daya yang tahan lama. Baterai memiliki jumlah siklus pengisian daya hingga 1000,Daya tahan baterai meningkat25% dibandingkan dengan standar pasar.

Xiaomi Redmi 9A peningkatan daya pemrosesan. Prosesor MediaTek Helio G25 memberikan performa yang andal, memastikan pengalaman penggunaan yang lancar. Peningkatan daya pemrosesan. Prosesor MediaTek Helio G25 memberikan performa yang andal, memastikan pengalaman penggunaan yang lancar.

Redmi 9A mengabadikan memori indah dengan kamera AI 13 MP

Redmi 9A dapat membuka kunci dalam sekejap dengan AI Face Unlock!. Ponsel akan mengenali wajahmu dan membuka kunci dalam sekejap.Xiaomi Redmi 9A menggunakan layar baru yang diperhalus.

Warranty 24 Months

Spesifikasi:

Fitur: MediaTek Helio G25
Tampilan: 6,53'HD+ Layar Dot Drop
Baterai: 5000mAh (typ)
Kamera: 13MP belakang 5MP kamera selfie
Buka kunci: AI Face Unlock
Jaringan & Konektivitas:
Band jaringan
GSM B2/3/5/8
WCDMA B1/2/4/5/8
LTE-FDD B1/2/3/4/5/7/8/20/28
LTE-TDD B38/40/41(2535-2655MHz)
Jaringan nirkabel
Mendukung protokol: 802.11 b/g/n
Mendukung 2.4G Wi-Fi / Wi-Fi Direct
Mendukung Bluetooth 5.0
Mendukung radio FM (dengan headphone)
Port: Port pengisian daya micro USB | 3,5 mm port headphone
Navigasi & Positioning: ‚Ä¢ GPS ‚Ä¢ AGPS ‚Ä¢ GLONASS ‚Ä¢ Beidou
Sensor: ‚Ä¢ Motor getaran ‚Ä¢ Sensor jarak ‚Ä¢ Sensor cahaya ambient ‚Ä¢ Akselerometer
Multimedia: MP4 ‚Ä¢ MP3 ‚Ä¢ MKV ‚Ä¢ AAC
Audio: Output audio oleh 1712 speaker dengan kotak besar

Isi paket pembelian:
1 Redmi 9A
1 Adaptor
1 Pengisi daya 5V2A
1 Kabel Mikro-USB
Alat SIM ejektor
Kartu garansi
Panduan pengguna","https://images.tokopedia.net/img/cache/500-square/VqbcmM/2021/8/12/c931106d-b982-41b4-9662-be281cbf5bec.png.webp?ect=4g",1299000.0,4.9,"Xiaomi Official Store"
"SAMSUNG GALAXY M02 - 5000mAh Battery - 2GB 32GB 2/32 - Garansi Resmi - BiruTanpaBonus","SAMSUNG GALAXY M02 2/32GB

GARANSI RESMI SEIN SAMSUNG INDONESIA
IMEI TERDAFTAR DI WEBSITE KEMENPERIN

WARNA TERSEDIA SESUAI VARIAN
- BIRU
- MERAH

Spesifikasi :

NETWORK Technology
GSM / HSPA / LTE
LAUNCH Announced 2021, February 02
Status Available. Released 2021, February 09
BODY Dimensions 164 x 75.9 x 9.1 mm (6.46 x 2.99 x 0.36 in)
Weight 206 g (7.27 oz)
Build Glass front, plastic back, plastic frame
SIM Single SIM (Nano-SIM) or Dual SIM (Nano-SIM, dual stand-by)
DISPLAY Type PLS IPS
Size 6.5 inches, 102.0 cm2 (~81.9% screen-to-body ratio)
Resolution 720 x 1600 pixels, 20:9 ratio (~270 ppi density)
PLATFORM OS Android 10, One UI 2.0
Chipset Mediatek MT6739W (28 nm)
CPU Quad-core 1.5 GHz Cortex-A53
GPU PowerVR GE8100
MEMORY Card slot microSDXC (dedicated slot)
Internal 32GB 2GB RAM, 32GB 3GB RAM
eMMC 5.1
MAIN CAMERA Dual 13 MP, f/1.9, (wide), AF
2 MP, f/2.4, (macro)
Features LED flash
Video 1080p@30fps
SELFIE CAMERA Single 5 MP, f/2.0
Video
SOUND Loudspeaker Yes
3.5mm jack Yes
COMMS WLAN Wi-Fi 802.11 b/g/n, Wi-Fi Direct, hotspot
Bluetooth 5.0, A2DP, LE
GPS Yes, with A-GPS, GLONASS
NFC No
Radio Unspecified
USB microUSB 2.0
FEATURES Sensors Accelerometer, proximity
BATTERY Type Li-Po 5000 mAh, non-removable
MISC Colors Blue, Red","https://images.tokopedia.net/img/cache/500-square/VqbcmM/2021/2/24/fb8f1631-7a2a-49f3-aaab-ffb44f7a666d.jpg.webp?ect=4g",1349900.0,4.9,"Shopyz ID"
"Samsung Galaxy A52 8/256GB 8/128GB Garansi Resmi 8 GB 128 GB 256 GB - 8GB 128GB, Non Bundlle","Tersedia juga aksesoris kompatible dengan produk ini:
Anti Gores: https://www.tokopedia.com/distriponsel/anti-gores-jelly-tempered-glass-hydrogel-xiaomi-samsung-vivo-oppo-real
TWS: https://www.tokopedia.com/distriponsel/realme-buds-air-pro-garansi-resmi-realme-original-realme-tws
Powerbank:

Packing yang lebih aman (Opsional, untuk standar packing kami sudah memakai bubble wrap) :
Ekstra Bubble:
Packing Kayu:

Mengenai varian:
Non Bundle = Tidak dapat bonus yang seperti digambar
Bundle Headset = Dapat bonus headset Pioneer
Bundle Powerbank = Dapat bonus Realme Powerbank 2i
Bundle Hydrogel = Dapat bonus Anti Gores Hydrogel
Bundle Lengkap = Dapat semua bonus yang disebutkan diatas

HARAP DIBACA SEBELUM MEMBELI
WARNA READY: Hitam, Putih
CANTUMKAN PILIHAN WARNA PADA CATATAN UNTUK PENJUAL
BONUS AKAN DIKIRIMKAN SELAMA STOCK TERSEDIA

Belanja lebih hemat pakai voucher, cek disini:
/

Tersedia juga produk Xiaomi:


Tersedia juga produk Vivo:


Tersedia juga produk Oppo:


Tersedia juga produk Samsung:


NOTE SEBELUM MEMBELI:
- Barang yang dijual adalah BNIB ( Brand New In Box ) kita tidak jual barang bekas ataupun refurbish
- Untuk product Oppo, Vivo dan Realme segel terlebih dahulu kita buka sebelum di kirim, untuk di ambil & di registrasi kartu garansi.
- Spesifikasi lengkap dapat dicek melalui website resmi masing- masing produk.
- Kerusakan dan kehilangan saat pengiriman diluar tanggung jawab kami.","https://images.tokopedia.net/img/cache/500-square/VqbcmM/2021/8/4/cdd556cd-68db-453f-819c-f8e0b01e5f6e.jpg.webp?ect=4g",4725000.0,4.8,"Distributor Ponsel"
"Xiaomi Official Redmi 9A 2/32GB 6.53"" HD Mi Smartphone AI Face Unlock - SP Edition Grey","Xiaomi Official Store Garansi Resmi, IMEI Resmi
Redmi 9A memiliki layar imersif 6,53"" HD+ dengan layar besar, kamu dapat sepenuhnya membenamkan diri di dunia maya. Cahaya biru rendah untuk pengalaman melihat yang nyaman.
Redmi 9A memiliki baterai besar 5000mAh dengan 34 hari waktu siaga, baterai ini memberikan daya yang tahan lama. Baterai memiliki jumlah siklus pengisian daya hingga 1000,Daya tahan baterai meningkat25% dibandingkan dengan standar pasar.

Redmi 9A peningkatan daya pemrosesan. Prosesor MediaTek Helio G25 memberikan performa yang andal

Redmi 9A mengabadikan memori indah dengan kamera AI 13 MP

Redmi 9A dapat membuka kunci dalam sekejap dengan AI Face Unlock!. Ponsel akan mengenali wajahmu dan membuka kunci dalam sekejap.Xiaomi Redmi 9A menggunakan layar baru yang diperhalus.

Warranty 24 Months

Spesifikasi:

Fitur: MediaTek Helio G25
Tampilan: 6,53'HD+ Layar Dot Drop
Baterai: 5000mAh (typ)
Kamera: 13MP belakang 5MP kamera selfie
Buka kunci: AI Face Unlock
Jaringan & Konektivitas:
Band jaringan
GSM B2/3/5/8
WCDMA B1/2/4/5/8
LTE-FDD B1/2/3/4/5/7/8/20/28
LTE-TDD B38/40/41(2535-2655MHz)
Jaringan nirkabel
Mendukung protokol: 802.11 b/g/n
Mendukung 2.4G Wi-Fi / Wi-Fi Direct
Mendukung Bluetooth 5.0
Mendukung radio FM (dengan headphone)
Port: Port pengisian daya micro USB | 3,5 mm port headphone
Navigasi & Positioning: ‚Ä¢ GPS ‚Ä¢ AGPS ‚Ä¢ GLONASS ‚Ä¢ Beidou
Sensor: ‚Ä¢ Motor getaran ‚Ä¢ Sensor jarak ‚Ä¢ Sensor cahaya ambient ‚Ä¢ Akselerometer
Multimedia: MP4 ‚Ä¢ MP3 ‚Ä¢ MKV ‚Ä¢ AAC
Audio: Output audio oleh 1712 speaker dengan kotak besar

Isi paket pembelian:
1 Redmi 9A
1 Adaptor
1 Pengisi daya 5V2A
1 Kabel Mikro-USB
Alat SIM ejektor
Kartu garansi
Panduan pengguna","https://images.tokopedia.net/img/cache/500-square/VqbcmM/2021/8/12/0d0cc0d0-9c05-4070-9a74-575669d2df49.png.webp?ect=4g",1199000.0,4.9,"Xiaomi Official Store"
"IPhone 12 Pro Max Garansi Resmi Ibox - Pasific Blue, 128 gb","Green Peel
New Product
Garansi Resmi Apple indonesia

- Prodak Garansi 364 Hari
( Tidak Sampai Setahun )
Pada saat Aktifasi Connect Wifi


Garansi Resmi Apple
Tidak ada Garansi Toko
Dengan Mengaktifkan Prodak , Pembeli Wajib Mengikuti Kebijakan
Dan Garansi yg tertera


Tempered GLASS PREMIUM


CASE MAGSAFE Copy:


Tambahkan Apple Adapter::


Atau Variasi Lain Dari Adapter 20 watt Anker Adapter 20 Watt USB-C:


Tambahkan AirPods Pro:


Tambahkan Apple Earpods:



Tambahkan Lamina Tempered Glass:


Tambahkan Anti Gores Hydrogel:","https://images.tokopedia.net/img/cache/500-square/VqbcmM/2021/8/24/bdc9fed5-e06c-47e1-8860-d616affb1c57.png.webp?ect=4g",1.7399E7,5.0,"Cv.Sentra inti pratama"
"XIAOMI POCO F3 6/128GB NFC Snapdragon‚Ñ¢ 870 48MP 4520mAh HP Android - Arctic White","Xiaomi Official Store Garansi Resmi,


POCO F3 memiliki fitur prosesor yang kuat, penyimpanan secepat kilat, layar AMOLED dengan refresh rate tinggi yang baru, dan itu baru permulaan.

POCO F3 memiliki prosesor Snapdragon‚Ñ¢ 870 .
POCO F3 meggunanakan teknologi i LiquidCool 1.0 plus.
POCO F3 memiliki baterain besar 4520mAh, isi daya hingga 100% dalam 52 menit dengan pengisian cepat 33W.
POCO F3 memiliki kecepatan refresh rate hingga 120 frame per detik. Nikmati kehalusan yang belum pernah terjadi sebelumnya! 120Hz.
POCO F3 meggunakan layar AMOLED dengan material layar high-end generasi baru, konsumsi daya berkurang hingga 15% membuat baterai lebih tahan lama.
POCO F3 meggunakan AI triple kamera. Kamera utama 48MP Abadikan dunia sejelas yang Anda lihat, Kamera depan 20MP Tangkap versi terbaik Anda
POCO F3 memiliki speaker ganda flagship.
POCO F3 juga dilengkapi dengan NFC, Sensor sidik jari di bagian sisi, Dual-frequency GPS, dan IR blaster.
Warranty 15 Months
Spesifikasi

Penyimpanan & RAM
6GB+128GB, 8GB + 256GB
RAM LPDDR5 + PENYIMPANAN UFS 3.1
Baterai 4520mAh (umum)
Pengisian daya cepat 33W

Kamera
Kamera utama 48MP f/1,79
Piksel besar 1,6Œºm (4-in-1)
Kamera ultra wide 8MP FOV 119¬∞ f/2,2
Kamera telemakro 5MP f/2,4 AF (3cm-7cm)
Fitur fotografi kamera belakang
Jaringan & Konektivitas
SIM ganda
Pita jaringan:
Mendukung 5G / 4G / 3G / 2G
Sensor
Sensor jarak | Sensor cahaya ambien | Akselerometer | Giroskop | Kompas elektronik | Motor linear | IR Blaster

Sistem operasi
MIUI 12 untuk POCO


Isi Paket Pembelian

POCO F3
Adaptor daya
Kabel USB Tipe C
Adaptor headphone Tipe C hingga 3,5mm
Casing pelindung
Alat pembuka SIM
Pand","https://images.tokopedia.net/img/cache/500-square/VqbcmM/2021/8/12/cf2718a4-2ba6-493d-922a-d8965093096a.png.webp?ect=4g",4999000.0,4.9,"Xiaomi Official Store"
"Infinix Smart 5 - 5.000 mAh - 2/32GB - 6.6 HD+ - Hitam","Dimensi 165.5*76.4*8.75mm
Layar 6.6"" HD+ Waterdrop Sunlight Display
Mediatek Helio A22
Baterai 5000mAh with 10W Super Charge
RAM 2GB + ROM 32GB
Dual Camera 8MP with Triple-Flash Light
8MP Selfie Camera with Dual Flash Light
DTS Audio Technology
Triple-slot dengan Dedicated Micro SD Storage hingga 256GB
Fingerprint & Face Unlock
Android‚Ñ¢ (Go Edition)
Garansi Resmi Infinix
Gratis Kartu perdana Smartfren dengan Kuota 360 GB untuk 24 Bulan (Selama Persediaan Masih Ada)
Gratis Jelly Case
Gratis Screen Protector","https://images.tokopedia.net/img/cache/500-square/VqbcmM/2020/12/22/5c58d838-9bbf-4369-87d3-92025811c62c.jpg.webp?ect=4g",1204000.0,4.9,"Infinix Official Store"
"Xiaomi Redmi Note 10S 6/64G NFC Quad Kamera Layar 6.43‚Äù Super AMOLED - Ocean Blue","Xiaomi Redmi Note 10S

Xiaomi Official Store Garansi Resmi, IMEI Resmi Terdaftar di IMEI KEMENPERIN

Xiaomi Redmi Note 10S dengan 64MP kamera utama,Kamera 118¬∞ Mode potret AI Bidik kilau cahaya pada malam hari.

Xiaomi Redmi Note 10S nikmati semua jenis hiburan dalam warna terang dengan layar Super AMOLED 6.43""

Xiaomi Redmi Note 10S memiliki suara stereo yang menghanyutkan. Dengan volume lebih tinggi dan rentang suara lebih luas

Xiaomi Redmi Note 10S dengan kecepatan clock CPU hingga 2,05GHz

Xiaomi Redmi Note 10S memiliki pengisian daya cepat 33W, siap dalam sekejap. Hanya dalam waktu 30 menit, fitur pengisian daya cepat 33W memungkinkan Anda mengisi daya baterai 5000mAh hingga 54%

Xiaomi Redmi Note 10S dilengkapi dengan motor linear canggih yang menciptakan efek getar dengan cerdas sesuai dengan tindakan Anda sehingga pengalaman bermain game terasa lebih nyata.

Xiaomi Redmi Note 10S menggunakan sensor sidik jari samping sehingga membuka kunci begitu mudah.

Warranty 15 months

Spesifikasi Produk:

Penyimpanan & RAM
6GB + 64GB | 8GB + 128GB
LPDDR4X + UFS 2.2

Layar
6.43‚Äù Super AMOLED DotDisplay
Resolusi: 2400x1080 409 PPI
Rasio kontras: 4.500.000:1
Gamut warna: DCI-P3

Dimensi
Tinggi: 160,46mm
Lebar: 74,5mm
Ketebalan: 8,29mm
Berat: 178,8g

Mode baca 3.0
Mode sunlight 2.0
Cahaya biru rendah bersertifikasi SGS

Prosesor
MediaTek Helio G95
CPU: Frekuensi CPU maks 2,05GHz
GPU: ARM Mali-G76 MC4
Baterai & Pengisian Daya
5000mAh (umum)
Pengisian daya cepat 33W

Keamanan
Sensor sidik jari samping
Sensor wajah
NFC
NFC multifungsi*


Jaringan & Konektivitas
SIM ganda
Jaringan Nirkabel
2,4 GHz/Wi-Fi 5GHz
Bluetooth 5.0


Sensor
Sensor jarak | Sensor cahaya ambien | Akselerometer | Giroskop | Kompas elektronik | Motor getaran linear | IR Blaster

Sistem Operasi
MIUI 12.5 berbasis Android 11


Isi Paket Pembelian:

Redmi Note 10S
Adaptor
Kabel USB Tipe-C
Alat Pembuka SIM
Casing Pelindung
Panduan Memulai Cepat
Kartu Garansi","https://images.tokopedia.net/img/cache/500-square/VqbcmM/2021/8/23/abf321e2-981f-47bc-9b2c-9e31027b25ab.jpg.webp?ect=4g",2699000.0,4.9,"Xiaomi Official Store"
"Samsung Galaxy A52 8/128 8/256 GB Kamera 4K RAM 8 ROM 128 256 Resmi - Awesome White, A52 8/128 GB","Resolusi Layar 1080 x 2400 pixels

Qualcomm SM7225 Snapdragon 720G (8 nm)

Android 11

One UI 3.0
8GB / 128GB / 256GB

microSDXC

Kamera Belakang
Resolusi
64 MP, f/2.0, 26mm (wide), 1/2.0‚Ä≥, 0.8¬µm, PDAF OIS
12 MP, f/2.2, 123Àö
5 MP, f/2.4,
5 MP, f/2.2,
Fitur
LED flash, panorama, HDR, Video 4K@30fps, 1080p@30/120fps; gyro-EIS

Kamera Depan
Resolusi
32 MP, f/2.2, 26mm (wide), 1/2.8‚Ä≥, 0.8¬µm
Fitur HDR, Video 4K@30fps, 1080p@30fps

Dual-SIM

Fitur Fast charging
Sensor Fingerprint , accelerometer, gyro, proximity, compass

GRATIS Perlindungan Layar Handphone senilai Rp 750.000 selama 6 bulan (untuk 1 kali klaim terhadap layar).

Mekanisme Aktivasi Proteksi Layar senilai 750.000 hanya mengirimkan data di chatbox (Maksimal 4 Hari Dari Tanggal Pembelian).
Format:
1. Nama Lengkap
2. Email
3. Nomor HP
4. Type dan warna HP
5. Imei HP
6. Nomor Invoice

Dapatkan penawaran promo Special Asuransi Proteksi 12 bulan senilai harga HP saat pembelian bersama device.

Benefit:
- Proteksi : Layar, Baterai, Konektor
- Limit Proteksi senilai harga handphone
- Selama 12 bulan
- Klaim lebih dari 1 kali selama limit tersedia

Penawaran terbatas hanya didapat saat pembelian bersama device (bundling: + Proteksi Asuransi 12 bulan) :
a. Rp 55.000 --> HP di bawah 6 juta (Special Promo)
b. Rp 175.000 --> HP di atas 6 juta (Special Promo)

Lebih Detail Mengenai Protego Fix:
http://salvusmart.id/productdetails/protegofix


Promo Menarik Lainnya:

GRATIS Paket Data

‚Ä¢ Bonus Kuota 15GB/bulan selama 24 bulan ( Total 360GB selama 2 Tahun ) dengan syarat Top Pulsa 50rb/ bln sejak kartu diaktifkan.
pulsa tidak terpotong
‚Ä¢ Kuota dapat digunakan untuk seluruh akses data (Main Quota)
‚Ä¢ Cara Mendapatkan Bonus Kuota:
a. Lakukan isi Ulang pulsa Smartfren minimum 50 ribu paling lambat 3 hari setelah aktivasi kartu
b. Download aplikasi MySmartfren di Google PlayStore atau Apps Store
c. Buka Aplikasi MySmartfren paling lambat 3 hari setelah isi Ulang

Terima Kasih sudah berbelanja di Toko kami","https://images.tokopedia.net/img/cache/500-square/VqbcmM/2021/4/27/37955bbc-5d23-4393-934c-cb7f3982ce91.jpg.webp?ect=4g",4725000.0,4.9,SUPER_GADGET
"SAMSUNG GALAXY A32 5G - NFC - 8GB 128GB 8/128 GARANSI RESMI - Awesome Black","SAMSUNG GALAXY A32 5G 8/128GB

GARANSI RESMI SEIN SAMSUNG INDONESIA
IMEI TERDAFTAR DI WEBSITE KEMENPERIN

WARNA TERSEDIA SESUAI VARIAN
- Awesome Black
- Awesome White

Spesifikasi :

NETWORK Technology
GSM / CDMA / HSPA / LTE / 5G
LAUNCH Announced 2021, January 13
Status Available. Released 2021, January 22
BODY Dimensions 164.2 x 76.1 x 9.1 mm (6.46 x 3.00 x 0.36 in)
Weight 205 g (7.23 oz)
SIM Single SIM (Nano-SIM) or Hybrid Dual SIM (Nano-SIM, dual stand-by)
DISPLAY Type TFT
Size 6.5 inches, 102.0 cm2 (~81.6% screen-to-body ratio)
Resolution 720 x 1600 pixels, 20:9 ratio (~270 ppi density)
PLATFORM OS Android 11, One UI 3.0
Chipset MediaTek MT6853 Dimensity 720 5G (7 nm)
CPU Octa-core (2x2.0 GHz Cortex-A76 & 6x2.0 GHz Cortex-A55)
GPU Mali-G57 MC3
MEMORY Card slot microSDXC (uses shared SIM slot)
Internal 64GB 4GB RAM, 128GB 4GB RAM, 128GB 6GB RAM, 128GB 8GB RAM
MAIN CAMERA Quad 48 MP, f/1.8, 26mm (wide), 1/2.0"", 0.8¬µm, PDAF
8 MP, f/2.2, 123Àö, (ultrawide), 1/4.0"", 1.12¬µm
5 MP, f/2.4, (macro)
2 MP, f/2.4, (depth)
Features LED flash, panorama, HDR
Video 4K@30fps, 1080p@30/120fps
SELFIE CAMERA Single 13 MP, f/2.2, (wide)
Video 1080p@30fps
SOUND Loudspeaker Yes
3.5mm jack Yes
COMMS WLAN Wi-Fi 802.11 a/b/g/n/ac, dual-band, Wi-Fi Direct, hotspot
Bluetooth 5.0, A2DP, LE
GPS Yes, with A-GPS, GLONASS, GALILEO, BDS
NFC Yes (market/region dependent)
Radio Unspecified
USB USB Type-C 2.0, USB On-The-Go
FEATURES Sensors Fingerprint (side-mounted), accelerometer, gyro, proximity, compass
BATTERY Type Li-Ion 5000 mAh, non-removable
Charging Fast charging 15W
MISC Colors Awesome Black, Awesome White, Awesome Blue, Awesome Violet","https://images.tokopedia.net/img/cache/500-square/VqbcmM/2021/6/7/6c8e3369-cb6a-4618-a30c-c876cb9ceec1.jpg.webp?ect=4g",3899900.0,4.9,"Shopyz ID"
"Infinix Hot 10 Play 4/64 GB Garansi Resmi - Hijau","Ready Stock *16 September 2021

SIM Dual SIM (Nano-SIM, dual stand-by)
Size 6.82 inches,
PLATFORM OS Android 10 (Go edition), XOS 7
Chipset MediaTek Helio G25 (12 nm)
CPU Octa-core (2x2.0 GHz Cortex-A75 & 6x1.8 GHz Cortex-A55)
GPU Mali-G52 MC2
Internal 64GB 4GB RAM,
MAIN CAMERA Dual 13 MP,
SELFIE CAMERA Single 8 MP,
BATTERY Type Li-Po 6000 mAh, non-removable","https://images.tokopedia.net/img/cache/500-square/VqbcmM/2021/5/5/354e01e8-7ff6-4d3f-bddd-9a643673bdc4.jpg.webp?ect=4g",1542000.0,5.0,Gudang-HP
"Samsung Galaxy A22 6/128 GB Garasi Resmi SEIN - Hitam","Ready Stock *16 September 2021


SIM Single SIM (Nano-SIM) or Dual SIM (Nano-SIM, dual stand-by)
DISPLAY Type Super AMOLED, 90Hz, 600 nits (HDR)
Size 6.4 inches, 98.9 cm2 (~84.3% screen-to-body ratio)
PLATFORM OS Android 11, One UI Core 3.1
CPU Octa-core (2x2.0 GHz & 6x1.8 GHz)
MEMORY Card slot microSDXC (dedicated slot)
Internal 128GB 6GB RAM
MAIN CAMERA Quad 48 MP, f/1.8, (wide), PDAF, OIS
8 MP, f/2.2, 123Àö (ultrawide), 1/4.0"", 1.12¬µm
2 MP, f/2.4, (macro)
2 MP, f/2.4, (depth)
SELFIE CAMERA Single 13 MP, f/2.2, (wide), 1/3.1"", 1.12¬µm
BATTERY Type Li-Po 5000 mAh, non-removable","https://images.tokopedia.net/img/cache/500-square/VqbcmM/2021/7/6/d13df955-8cb4-46df-aac8-776f99451d9b.jpg.webp?ect=4g",2807000.0,5.0,Gudang-HP
"Poco X3 Pro 6/128GB + 8/268GB Garansi Resmi - 6/128 Bronze","Baru dan segel,
Garansi resmi xiaomi indonesia,
IMEI terdaftar, service di gerai resmi..


NETWORK Technology
GSM / HSPA / LTE
LAUNCH Announced 2021, March 22
Status Available. Released 2021, March 24
BODY Dimensions 165.3 x 76.8 x 9.4 mm (6.51 x 3.02 x 0.37 in)
Weight 215 g (7.58 oz)
Build Glass front (Gorilla Glass 6), plastic back
SIM Hybrid Dual SIM (Nano-SIM, dual stand-by)
IP53, dust and splash protection
DISPLAY Type IPS LCD, 120Hz, HDR10, 450 nits (typ)
Size 6.67 inches, 107.4 cm2 (~84.6% screen-to-body ratio)
Resolution 1080 x 2400 pixels, 20:9 ratio (~395 ppi density)
Protection Corning Gorilla Glass 6
PLATFORM OS Android 11, MIUI 12 for POCO
Chipset Qualcomm Snapdragon 860 (7 nm)
CPU Octa-core (1x2.96 GHz Kryo 485 Gold & 3x2.42 GHz Kryo 485 Gold & 4x1.78 GHz Kryo 485 Silver)
GPU Adreno 640
MEMORY Card slot microSDXC (uses shared SIM slot)
Internal 128GB 6GB RAM, 128GB 8GB RAM, 256GB 8GB RAM
UFS 3.1
MAIN CAMERA Quad 48 MP, f/1.8, (wide), 1/2.0"", 0.8¬µm, PDAF
8 MP, f/2.2, 119Àö (ultrawide)
2 MP, f/2.4, (macro)
2 MP, f/2.4, (depth)
Features Dual-LED flash, HDR, panorama
Video 4K@30fps, 1080p@30/60/120fps, 720p@960fps, gyro-EIS
SELFIE CAMERA Single 20 MP, f/2.2, (wide), 1/3.4"", 0.8¬µm
Features HDR, panorama
Video 1080p@30fps
SOUND Loudspeaker Yes, with stereo speakers
3.5mm jack Yes
24-bit/192kHz audio
COMMS WLAN Wi-Fi 802.11 a/b/g/n/ac, dual-band, Wi-Fi Direct, hotspot
Bluetooth 5.0, A2DP, LE
GPS Yes, with A-GPS, GLONASS, GALILEO, BDS
NFC Yes (market/region dependent)
Infrared port Yes
Radio FM radio, recording
USB USB Type-C 2.0, USB On-The-Go
FEATURES Sensors Fingerprint (side-mounted), accelerometer, gyro, proximity, compass
BATTERY Type Li-Po 5160 mAh, non-removable","https://images.tokopedia.net/img/cache/500-square/VqbcmM/2021/4/24/eba5b62f-0d2b-4efd-a9ba-c629d2b0e1fa.jpg.webp?ect=4g",3449000.0,5.0,duniagadgetku
"Realme 8 Pro 8/128GB Garansi Resmi 8 GB 128 GB Hitam Biru Kuning - Realme 8, Non Bundle","Tersedia juga aksesoris kompatible dengan produk ini:
Anti Gores: https://www.tokopedia.com/distriponsel/anti-gores-jelly-tempered-glass-hydrogel-xiaomi-samsung-vivo-oppo-real
TWS: https://www.tokopedia.com/distriponsel/realme-buds-air-pro-garansi-resmi-realme-original-realme-tws
Powerbank:

Packing yang lebih aman (Opsional, untuk standar packing kami sudah memakai bubble wrap) :
Ekstra Bubble:
Packing Kayu:


Mengenai varian:
Non Bundle = Tidak dapat bonus yang seperti digambar
Bundle Headset = Dapat bonus Realme Buds Classic
Bundle Powerbank = Dapat bonus Realme Powerbank 2i
Bundle Hydrogel = Dapat bonus Anti Gores Hydrogel
Bundle Lengkap = Dapat semua bonus yang disebutkan diatas

Tersedia warna:
Hitam. Biru, Kuning
Pilihan warna tulis dicatatan saat melakukan checkout!

DISPLAY Type Super AMOLED, 430 nits (typ), 1000 nits (peak)
Size 6.4 inches, 98.9 cm2 (~83.3% screen-to-body ratio)
Resolution 1080 x 2400 pixels, 20:9 ratio (~411 ppi density)
Always-on display
PLATFORM OS Android 11, Realme UI 2.0
Chipset Qualcomm SM7125 Snapdragon 720G (8 nm)
CPU Octa-core (2x2.3 GHz Kryo 465 Gold & 6x1.8 GHz Kryo 465 Silver)
GPU Adreno 618
MEMORY Card slot microSDXC (dedicated slot)
Internal 128GB 6GB RAM, 128GB 8GB RAM
UFS 2.1
MAIN CAMERA Quad 108 MP, f/1.9, 26mm (wide), 1/1.52"", 0.7¬µm, PDAF
8 MP, f/2.3, 119Àö, 16mm (ultrawide), 1/4.0"", 1.12¬µm
2 MP, f/2.4, (macro)
2 MP, f/2.4, (depth)
Features LED flash, HDR, panorama

NOTE SEBELUM MEMBELI:
- Barang yang dijual adalah BNIB ( Brand New In Box ) kita tidak jual barang bekas ataupun refurbish
- Untuk product Oppo, Vivo dan Realme segel terlebih dahulu kita buka sebelum di kirim, untuk di ambil & di registrasi kartu garansi.","https://images.tokopedia.net/img/cache/500-square/VqbcmM/2021/5/16/46522b18-d591-4347-a0c3-2b9ca00c8d79.jpg.webp?ect=4g",3299000.0,4.7,"Distributor Ponsel"
"Xiaomi Redmi Note 10s 6/64 GB Garansi Resmi - Biru","Ready Stock *25 Agustus 2021


SIM Dual SIM (Nano-SIM, dual stand-by)
DISPLAY Type AMOLED, 450 nits (typ), 1100 nits (peak)
Size 6.43 inches, 99.8 cm2 (~83.5% screen-to-body ratio)
PLATFORM OS Android 11, MIUI 12.5
Chipset Mediatek Helio G95 (12 nm)
CPU Octa-core (2x2.05 GHz Cortex-A76 & 6x2.0 GHz Cortex-A55)
GPU Mali-G76 MC4
MEMORY Card slot microSDXC (dedicated slot)
Internal 64GB 6GB RAM
UFS 2.2
MAIN CAMERA Quad 64 MP, 8 MP, 2 MP, 2 MP,
SELFIE CAMERA Single 13 MP,
BATTERY Type Li-Po 5000 mAh, non-removable","https://images.tokopedia.net/img/cache/500-square/VqbcmM/2021/6/20/f46bee0d-a296-4f6f-9ce6-169e70504ef8.jpg.webp?ect=4g",2659000.0,5.0,Gudang-HP
"Samsung Galaxy A32 6/128 GB Garansi Resmi SEIN - Putih","Ready Stock *16 September 2021


SIM Single SIM (Nano-SIM) or Dual SIM (Nano-SIM, dual stand-by)
Size 6.4 inches, 98.9 cm2 (~84.6% screen-to-body ratio)
PLATFORM OS Android 11, One UI 3.1
Chipset Mediatek Helio G80 (12 nm)
CPU Octa-core (2x2.0 GHz Cortex-A75 & 6x1.8 GHz Cortex-A55)
GPU Mali-G52 MC2
Internal 128GB 6GB RAM,
MAIN CAMERA Quad 64 MP, 8 MP, 5 MP, 5 MP,
SELFIE CAMERA Single 20 MP,
BATTERY Type Li-Ion 5000 mAh, non-removable","https://images.tokopedia.net/img/cache/500-square/VqbcmM/2021/6/20/16a8b26e-44e9-44b3-943c-85b315f27833.jpg.webp?ect=4g",3321000.0,5.0,Gudang-HP
"Infinix Hot 10 S 6/128 GB Garansi Resmi - Hijau","Ready Stok *16 September 2021

SIM Dual SIM
Size 6.82 inches
PLATFORM OS Android 11, XOS 7.6
Chipset MediaTek Helio G85 (12nm)
CPU Octa-core (2x2.0 GHz Cortex-A75 & 6x1.8 GHz Cortex-A55)
GPU Mali-G52 MC2
MEMORY Internal 128GB 6GB RAM
MAIN CAMERA Triple 48 MP, 2 MP,
SELFIE CAMERA Single 8 MP,
BATTERY Type Li-Po 6000 mAh, non-removable","https://images.tokopedia.net/img/cache/500-square/VqbcmM/2021/6/21/d13b609a-2901-4db6-84ba-e8a77527752c.jpg.webp?ect=4g",1990000.0,5.0,Gudang-HP
"Infinix Note 10 Pro 8/128 GB Garansi Resmi - Ungu","Ready Stok *16 September 2021

SIM Dual SIM (Nano-SIM, dual stand-by)
Size 6.95 inches
PLATFORM OS Android 11, XOS 7.6
Chipset Mediatek Helio G95 (12 nm)
CPU Octa-core (2x2.05 GHz Cortex-A76 & 6x2.0 GHz Cortex-A55)
GPU Mali-G76 MC4
MEMORY Internal 128GB 8GB RAM
MAIN CAMERA Quad 64 MP,8 MP,2 MP,2 MP
SELFIE CAMERA Single 16 MP
BATTERY Type Li-Po 5000 mAh, non-removable","https://images.tokopedia.net/img/cache/500-square/VqbcmM/2021/6/21/5fda4aa9-28f2-4156-ace0-6b6daadba525.jpg.webp?ect=4g",2787000.0,5.0,Gudang-HP
"Samsung Galaxy A12 4/128 GB Garansi Resmi SEIN - Putih","Ready Stock *16 September 2021

Kardus & Bubble Warp :
https://www.tokopedia.com/gudang-hp/kardus-bubble-extra-packing

Anti Crack :
https://www.tokopedia.com/gudang-hp/anti-crack-samsung-a12

SIM Single SIM (Nano-SIM) or Dual SIM (Nano-SIM, dual stand-by)
Size 6.5 inches,
PLATFORM OS Android 10
Chipset Mediatek MT6765 Helio P35 (12nm)
CPU Octa-core (4x2.35 GHz Cortex-A53 & 4x1.8 GHz Cortex-A53)
GPU PowerVR GE8320
Internal 128GB 4GB RAM
MAIN CAMERA Quad 48 MP, 5 MP, 2 MP, 2 MP,
SELFIE CAMERA Single 8 MP, f/2.2
BATTERY Type Li-Po 5000 mAh, non-removable","https://images.tokopedia.net/img/cache/500-square/VqbcmM/2021/6/23/6baf216f-2cb1-464c-8f86-2f05ca28c3b4.jpg.webp?ect=4g",2183000.0,4.9,Gudang-HP
"Samsung Galaxy A10s 2/32 GB Garansi Resmi SEIN - Tactile Blue","Ready Stock *25 Agustus 2021

Size 6.2 inches
Android 9.0, up to Android 10, One UI 2.0 .
Chipset Mediatek MT6762 Helio P22 (12 nm)
CPU Octa-core 2.0 GHz Cortex-A53
GPU PowerVR GE8320
microSD, up to 512 GB (dedicated slot)
Internal 32GB 2GB RAM
MAIN CAMERA Dual 13 MP + 2 MP
SELFIE CAMERA Single 8 MP
Sensors Fingerprint
Non-removable Li-Po 4000 mAh battery","https://images.tokopedia.net/img/cache/500-square/product-1/2020/1/24/2608727/2608727_dffab5be-5685-4266-ac68-6f92010a6092_800_800.webp?ect=4g",1411000.0,4.9,Gudang-HP
"Infinix Note 10 6/128 GB Garansi Resmi - Hitam","Ready Stock *16 September 2021


SIM Dual SIM (Nano-SIM, dual stand-by)
Size 6.95 inches, 114.7 cm2 (~84.2% screen-to-body ratio)
PLATFORM OS Android 11, XOS 7.6
Chipset MediaTek Helio G85 (12nm)
CPU Octa-core (2x2.0 GHz Cortex-A75 & 6x1.8 GHz Cortex-A55)
GPU Mali-G52 MC2
Internal 128GB 6GB RAM
MAIN CAMERA Triple 48 MP, PDAF
2 MP, f/2.4, (depth)
2 MP, f/2.4, (monochrome)
SELFIE CAMERA Single 16 MP
BATTERY Type Li-Po 5000 mAh, non-removable","https://images.tokopedia.net/img/cache/500-square/VqbcmM/2021/7/6/cd70c2bd-d1c8-441f-9aaa-ffc2e4ee3d21.jpg.webp?ect=4g",2178000.0,5.0,Gudang-HP
"Samsung Galaxy A02 3/32 GB Garansi Resmi SEIN - Abu-abu","Ready Stock *25 Agustus 2021

SIM Single SIM (Nano-SIM) or Dual SIM (Nano-SIM, dual stand-by)
Size 6.5 inches,
PLATFORM OS Android 10, One UI 2.0
Chipset Mediatek MT6739W (28 nm)
CPU Quad-core 1.5 GHz Cortex-A53
GPU PowerVR GE8100
Internal 32GB 3GB RAM
MAIN CAMERA Dual 13 MP, 2 MP,
SELFIE CAMERA Single 5 MP, f/2.0
BATTERY Type Li-Po 5000 mAh, non-removable","https://images.tokopedia.net/img/cache/500-square/VqbcmM/2021/2/18/1bfa6f89-cf7e-4c54-9fd1-3e2713cbdb4c.jpg.webp?ect=4g",1452000.0,4.9,Gudang-HP
"XIAOMI REDMI 2s RAM 1GB / 8GB - gray","new gres grade a+
garansi distributor 1 tahun
Kelengkapan-Unit HP-Kabel charger-Adaptor charger-Buku panduan
*Silahkan bertanya menggunakan fitur chat dan kami akan menjawab pertanyaan Andaü§ó*
jika ada kerusakan di harapkan chat admin dahulu jangan langsung memberikan komen negatif

Budayakan membaca :
Setiap penerimaan paket harap di unboxing secara divideokan !
Apabila ada komplain tanpa video tersebut akan dinyatakan tidak sah !
>Tersegel plastik
>Sebelum kirim kami cek terlebih dahulu
>Sudah ada bahasa indonesia
>Claim garansi dapat kita bantu melalui CHAT TOKOPEDIA
>garansi penukaran 1 Minggu barang bermasalah ganti baru
>Garansi mesin 1 tahun (seperti garansi lain nya)
>Garansi tidak meliputi (kesalahan pemakaian, terbanting dan kena air
> Ongkos kirim dan returan ditanggung pembeli

Deskripsi
REDMI 2 1/8
#LCD : 4.7 inch
#CPU : Quan-Core
#RAM : 1 GB
#Memory : 8 GB
#Camera depan : 2 MP
#Camera belakang : 8 MP
#Sim card : dual SIM
#Battery : 2200 mah","https://images.tokopedia.net/img/cache/500-square/VqbcmM/2021/3/30/e5458b15-3f57-4ffc-975b-5fe29957e8d5.jpg.webp?ect=4g",388000.0,4.9,"mei 8"
"Iphone 8 64gb second no minus ex inter - original - Abu-abu","selamat Datang di Gadget Mii
* Seller iphone Second Original
* Kepuasan Anda Adalah Prioritas Utama kami
* Best quality ,Best Price ,Best After Sales

Kelengkapan : Fullset
- Dus Box
- Adapter
- Kabel
- handsfree

Baterai Up 95+++ dan 100
3utool hijau / score 100
kemulusan 98-99%
Acc Fullset oem

- IMEI AMAN TIDAK TERBLOKIR (JAMIN BISA SEMUA OPERATOR)
- Bergaransi personal 1 minggu (Jika terjadi kerusakan, Ganti unit baru) , Garansi 1 bulan (jika terjadi kerusakan di mesin) dan garansi IMEI selamanya
INFO PENTING

Mohon Lakukan üìπ Video Unboxing/Saat Buka Paket waktu üó≥Ô∏èPaket Diterima
Jika ada kekurangan barang ,harap foto üìë Label pengiriman dan Melampirkan üìπ video unboxing/video saat buka paket dari awal sampai akhir tanpa ada jeda.","https://images.tokopedia.net/img/cache/500-square/product-1/2020/8/18/38255749/38255749_b9db183d-8497-4e89-bb07-b752cb1f324f_1080_1080.webp?ect=4g",2768000.0,4.8,"Gadget Mii"
"Xiaomi Redmi 2 1/8 4G Garansi 1 Tahun","Redmi 2 1/8GB
Bergaransi Distributor BCELL 1 Tahun.

Tersedia Warna :
- Hitam Dan White

Spesifikasinya sebagai berikut :
Dimensi Layar : 4.7 inches, 60.9 cm2 (~67.6% screen-to-body ratio)
Resolusi : 720 x 1280 pixels, 16:9 ratio (~312 ppi density
Kamera Belakang : 8 MP (f/2.2, 28mm, 1.4m), autofocus, LED flash
Kamera Depan : 2 MP, 720p
RAM : 1 GB
Batterai : Removable Li-Po 2200 mAh battery
Dual SIM
MIUI 6.0
OS : Android 4.4.4 (KitKat)
Chipset : Qualcomm MSM8916 Snapdragon 410
CPU : Quad-core 1.2 GHz Cortex-A53

NOTE :
*Pengiriman ekspedisi JNE dikirim jam 18:30WIB
*Pengiriman ekspedisi J&T dikirim jam 17:00WIB
*UPDATE RESI JAM 9 MALAM

untuk info lebih lanjut silahkan untuk hubungi admin.","https://images.tokopedia.net/img/cache/500-square/product-1/2019/7/11/64894622/64894622_51dd03bd-0dec-4799-bbaa-c2baa52e1c4e_2048_2048.webp?ect=4g",380000.0,4.6,happystore95
"xiomi/redmi 4a 2/16 ram2gb rom16gb new golf - grey","Budayakan membaca :
Setiap penerimaan paket harap di unboxing secara divideokan !
Apabila ada komplain tanpa video tersebut akan dinyatakan tidak sah !

* KONDISI BARU / NEW SEGEL
* Spek singkat
redmi 4a 2/16GB :
Ram 2gb
Rom 16gb
ready grey

Kenapa harus belanja ditoko kami? Karenaa...
1) Kami selaku penjual memberikan pelayanan sebaik dan sebagus mungkin
2) Kami sudah bertahun tahun bergulir didunia gadget
3) Hari minggu dan tanggal merah tetap ada pengiriman
4) pengiriman menggunakan ekspedisi yang tersedia pada toko dan penginputan resi dihari berikutnya

Garansi distributor 1 tahun
>XIAOMI refurbish grade A+
>Tersegel plastik
>Sebelum kirim kami cek terlebih dahulu
>Sudah ada bahasa indonesia
>Claim garansi dapat kita bantu melalui CHAT TOKOPEDIA
>garansi penukaran 1 Minggu barang bermasalah ganti baru
>Garansi mesin 1 tahun (seperti garansi lain nya)
>Garansi tidak meliputi (kesalahan pemakaian, terbanting dan kena air
> Ongkos kirim dan returan ditanggung pembeli


GARANSI TOKO AKAN VOID(HANGUS) JIKA HUMAN ERROR SEPERTI :
- Terjatuh
- Terbakar
- Segel rusak/hilang
- Terkena cairan

Harap baca ketentuan dan syarat retur barang di toko kami :
1) kami tidak akan proses retur barang jika masih ada MI cloud
2) barang saat diretur harus sama seperti waktu kami kirim dan segel masih utuh
3) ongkos kirim dan retur sepenuhnya ditanggung pembeli
4) garansi dari kami 3 hari setelah barang sampai dan berlaku jika segel masih utuh dan bukan kesalahan dari pengguna sendiri

Catatan:
- MOHON DIBACA DAHULU SEBELUM MELAKUKAN TRANSAKSI
- REVIEW ATAU COMMENT NEGATIVE PADA LAPAK GARANSI JUGA VOID (HANGUS)
- MEMBELI = SETUJU

Happy Shopping","https://images.tokopedia.net/img/cache/500-square/product-1/2020/8/1/7122208/7122208_d76a7866-1754-4910-a563-07c52d9eea33_650_650.jpg.webp?ect=4g",535000.0,4.7,"bless 89"
"SAMSUNG GALAXY NOTE 9 SECOND NOTE9 BEKAS MULUS FULSET NO MINUS ORIGIN - Abu-abu, Note9 6+128GB","SAMSUNG NOTE9 128GB.
BLACK, CHOPPER, BLUE.
ORIGINAL 100%.
EX PEMAKAIAN.
MULUS LIKE NEW
GA ADA RUSAK, GA ADA BONGKAR.
ORIGINAL 100%.
SEMUA FITUR BERFUNGSI BAIK.","https://images.tokopedia.net/img/cache/500-square/VqbcmM/2021/9/4/313eb9ee-c0bc-4700-8d74-9f3943ff34cd.jpg.webp?ect=4g",4249000.0,5.0,"Arisa phone store"
"Vivo V21 4G 8/128GB + 8/256GB Garansi Resmi Vivo Indonesia - 8/128 Black","Garansi Resmi Vivo Indonesia,
IMEI Terdaftar, Service di Gerai Resmi



NETWORK Technology
GSM / HSPA / LTE
LAUNCH Announced 2021, April 27
Status Available. Released 2021, May 05
BODY Dimensions 161.2 x 74.4 x 7.4 mm (6.35 x 2.93 x 0.29 in)
Weight 171 g (6.03 oz)
SIM Dual SIM (Nano-SIM, dual stand-by)
DISPLAY Type AMOLED, HDR10, 430 nits (typ)
Size 6.44 inches, 100.1 cm2 (~83.5% screen-to-body ratio)
Resolution 1080 x 2400 pixels, 20:9 ratio (~409 ppi density)
PLATFORM OS Android 11, Funtouch 11.1
Chipset Qualcomm SM7125 Snapdragon 720G (8 nm)
CPU Octa-core (2x2.3 GHz Kryo 465 Gold & 6x1.8 GHz Kryo 465 Silver)
GPU Adreno 618
MEMORY Card slot microSDXC (dedicated slot)
Internal 128GB 8GB RAM
MAIN CAMERA Triple 64 MP, f/1.9, 26mm (wide), 1/1.72"", 0.8¬µm, PDAF
8 MP, f/2.2, 120Àö, 16mm (ultrawide), 1/4.0"", 1.12¬µm, AF
2 MP, f/2.4, (macro)
Features LED flash, HDR, panorama
Video 4K@30fps, 1080p@30/60fps, gyro-EIS
SELFIE CAMERA Single 44 MP, f/2.0, (wide), AF
Features HDR
Video 4K@30fps, 1080p@30fps
SOUND Loudspeaker Yes
3.5mm jack Yes
24-bit/192kHz audio
COMMS WLAN Wi-Fi 802.11 a/b/g/n/ac, dual-band, Wi-Fi Direct, hotspot
Bluetooth 5.1, A2DP, LE
GPS Yes, with A-GPS, GLONASS, GALILEO, BDS, QZSS
NFC Yes
Radio FM radio
USB USB Type-C 2.0, USB On-The-Go
FEATURES Sensors Fingerprint (under display, optical), accelerometer, proximity, compass
BATTERY Type Li-Po 4000 mAh, non-removable
Charging Fast charging 33W, 66% in 30 min (advertised)","https://images.tokopedia.net/img/cache/500-square/VqbcmM/2021/6/26/a54bfe9e-4e57-45a1-8019-f26cf5c1c4bd.jpg.webp?ect=4g",3749000.0,5.0,duniagadgetku
"Samsung Galaxy A32 8/128 GB Garansi Resmi SEIN - Hitam","Ready Stock *16 September 2021


SIM Single SIM (Nano-SIM) or Dual SIM (Nano-SIM, dual stand-by)
Size 6.4 inches, 98.9 cm2 (~84.6% screen-to-body ratio)
PLATFORM OS Android 11, One UI 3.1
Chipset Mediatek Helio G80 (12 nm)
CPU Octa-core (2x2.0 GHz Cortex-A75 & 6x1.8 GHz Cortex-A55)
GPU Mali-G52 MC2
Internal 128GB 8GB RAM,
MAIN CAMERA Quad 64 MP, 8 MP, 5 MP, 5 MP,
SELFIE CAMERA Single 20 MP,
BATTERY Type Li-Ion 5000 mAh, non-removable","https://images.tokopedia.net/img/cache/500-square/VqbcmM/2021/6/20/ba678172-6c10-4654-8e7d-6ceeb4ee70c3.jpg.webp?ect=4g",3509000.0,4.9,Gudang-HP
"POCO F3 8/256GB - GARANSI RESMI - Biru","BARU... SEGEL.. GARANSI RESMI XIAOMI INDONESIA
Imei Terdaftar di kemenperin

No repack !! Segel box Baru 100%


Technology: GSM / HSPA / LTE / 5G
Announced: 2021, March 22
Status: Available. Released 2021, March 27

Dimensions: 163.7 x 76.4 x 7.8 mm (6.44 x 3.01 x 0.31 in)
Weight: 196 g (6.91 oz)
Build: Glass front (Gorilla Glass 5), glass back (Gorilla Glass 5), plastic frame

Dual SIM (Nano-SIM, dual stand-by)
Type: AMOLED, 120Hz, HDR10+, 1300 nits (peak)
Size: 6.67 inches, 107.4 cm2 (~85.9% screen-to-body ratio)
Resolution: 1080 x 2400 pixels, 20:9 ratio (~395 ppi density)
Protection: Corning Gorilla Glass 5
OS: Android 11, MIUI 12 for POCO
Chipset: Qualcomm SM8250-AC Snapdragon 870 5G (7 nm)
CPU: Octa-core (1x3.2 GHz Kryo 585 & 3x2.42 GHz Kryo 585 & 4x1.80 GHz Kryo 585)
GPU: Adreno 650

Card slot: No
Internal: 8GB RAM 256GB Storage
UFS 3.1

Main Camera:
Triple:
48 MP, f/1.8, 26mm (wide), 1/2"", 0.8¬µm, PDAF
8 MP, f/2.2, 119Àö (ultrawide)
5 MP, f/2.4, 50mm (macro), 1/5.0"", 1.12¬µm, AF

Selfie Camera Single 20 MP, f/2.5, (wide), 1/3.4"", 0.8¬µm

WLAN: Wi-Fi 802.11 a/b/g/n/ac/6, dual-band, Wi-Fi Direct, hotspot
Bluetooth: 5.1, A2DP, LE
GPS: Yes, with dual-band A-GPS, GLONASS, BDS, GALILEO, QZSS, NavIC
NFC: Yes (market/region dependent)
Infrared port: Yes

USB: Type-C 2.0, USB On-The-Go
Sensors: Fingerprint (side-mounted), accelerometer, gyro, proximity, compass, color spectrum
Battery: Li-Po 4520 mAh, non-removable
Charging Fast charging 33W, 100% in 52 min (advertised)
Power Delivery 3.0
Quick Charge 3+

In the Box
POCO F3 | Power adapter | USB Type-C cable | Type-C to 3.5 mm headphone adapter | Protective case | SIM eject tool | User guide | Warranty card","https://images.tokopedia.net/img/cache/500-square/VqbcmM/2021/9/9/42446d76-1d9a-4616-bd77-e387b32994d4.jpg.webp?ect=4g",5350000.0,5.0,centralphone73
"Samsung Galaxy M31 6/128 GB Garansi Resmi SEIN - Hitam","Ready Stock *16 September 2021

6.4 inches
Dual SIM (Nano-SIM, dual stand-by)
Android 10.0; One UI 2.0
Chipset Exynos 9611 (10nm)
Octa-core (4x2.3 GHz Cortex-A73 & 4x1.7 GHz Cortex-A53)
GPU Mali-G72 MP3
Internal 128GB
RAM 6GB RAM
MAIN CAMERA Triple 64 MP, 8 MP, 5 MP, 5 MP
SELFIE CAMERA Single 32 MP
Non-removable Li-Po 6000 mAh battery

TAMBAHAN PACKING KARDUS + BUBBLE EXTRA PACKING","https://images.tokopedia.net/img/cache/500-square/product-1/2020/3/24/2608727/2608727_a5a2e530-f6b4-4840-a708-f6224024395a_800_800.webp?ect=4g",2873000.0,4.9,Gudang-HP
"Infinix Hot 10s 6/128 RAM 6GB ROM 128GB GARANSI RESMI - MORANDI GREEN","100% Garansi resmi infinix (jangan ditanya lagi garansi apa)
100% Asli dan baru (jangan di tanya lagi baru apa bekas)
Untuk warna Chat ke kami terlebih dahulu, setelah chat tulis warna di kolom keterangan pada saat pesan, Pembeli tidak tanya terlebih dahulu atau tidak tulis di kolom keterangan maka kami kirim random / sesuai stok kami yang ada, jadi kalau komplain, otomatis kami TOLAK!!!


Dimensi 171.5*77.5*9.2mm
90Hz 6.82‚Äù HD+ Ultra Smooth Display
Mediatek Helio G85 Excellent Gaming Perfomance
Baterai 6.000mAh Power Marathon Tech Non-stop Playing
Dar-link Ultimate Game Booster
128GB ROM + 6GB RAM
48MP+2MP+AI Lens with Quad-Flash Light
8MP FF with Dual Flash Light
Triple-slot dengan Dedicated Micro SD Storage hingga 512 GB
Fingerprint & Face Unlock
AndroidTM 11
Garansi Resmi Infinix","https://images.tokopedia.net/img/cache/500-square/VqbcmM/2021/5/19/22337f57-3049-47d2-b40d-82de47c0ff90.jpg.webp?ect=4g",1989000.0,5.0,"Altec Cellular"
"NOKIA 5310 (2020) GARANSI RESMI - black red","NOKIA 5310 (2020) GARANSI RESMI TAM ( SATU TAHUN RUSAK DI GANTI BARU )


Network Technology
GSM
Launch Announced 2020, March 19
Status Available. Released 2020, April 02
Body Dimensions 123.7 x 52.4 x 13.1 mm, 44.8 cc (4.87 x 2.06 x 0.52 in)
Weight 88.2 g (3.10 oz)
SIM Single SIM (Mini-SIM) or Dual SIM (Mini-SIM, dual stand-by)
Display Type TFT
Size 2.4 inches, 17.8 cm2 (~27.5% screen-to-body ratio)
Resolution 240 x 320 pixels, 4:3 ratio (~167 ppi density)
Platform Chipset Mediatek MT6260A
Memory Card slot microSDHC
Phonebook Yes
Call records Yes
Internal 16MB 8MB RAM
Main Camera Single VGA
Features LED flash
Video
Selfie camera
Sound Loudspeaker Yes, with dual speakers
3.5mm jack Yes
Comms WLAN No
Bluetooth 3.0, A2DP
GPS No
Radio FM radio
USB microUSB 1.1
Features Sensors
Messaging SMS, MMS, Email, IM
Games Yes
Java No
MP3 player
Battery Removable Li-Ion 1200 mAh battery","https://images.tokopedia.net/img/cache/500-square/VqbcmM/2021/7/19/6defe58f-acc6-4c05-b46a-e5765ccb9ef6.jpg.webp?ect=4g",485000.0,5.0,"Garden Cell Official"
"Samsung Galaxy A12 6/128 GB Garansi Resmi SEIN - Biru","Ready Stock *16 September 2021

Kardus & Bubble Warp :
https://www.tokopedia.com/gudang-hp/kardus-bubble-extra-packing

Anti Crack :
https://www.tokopedia.com/gudang-hp/anti-crack-samsung-a12


SIM Single SIM (Nano-SIM) or Dual SIM (Nano-SIM, dual stand-by)
Size 6.5 inches,
PLATFORM OS Android 10
Chipset Mediatek MT6765 Helio P35 (12nm)
CPU Octa-core (4x2.35 GHz Cortex-A53 & 4x1.8 GHz Cortex-A53)
GPU PowerVR GE8320
Internal 128GB 6GB RAM
MAIN CAMERA Quad 48 MP, 5 MP, 2 MP, 2 MP,
SELFIE CAMERA Single 8 MP, f/2.2
BATTERY Type Li-Po 5000 mAh, non-removable","https://images.tokopedia.net/img/cache/500-square/VqbcmM/2020/12/29/520f7c61-b341-42e1-a829-9cb4cc5b1677.jpg.webp?ect=4g",2498000.0,4.9,Gudang-HP
"Samsung Galaxy M12 3/32 GB Garansi Resmi SEIN - Hijau","Ready Stok *16 September 2021

Kardus & Bubble Warp :
https://www.tokopedia.com/gudang-hp/kardus-bubble-extra-packing

Anti Crack :
https://www.tokopedia.com/gudang-hp/anti-crack-samsung-m12

SIM Dual SIM (Nano-SIM, dual stand-by)
Size 6.5 inches
PLATFORM OS Android 11, One UI Core 3.1
Chipset Exynos 850 (8nm)
CPU Octa-core (4x2.0 GHz Cortex-A55 & 4x2.0 GHz Cortex-A55)
GPU Mali-G52
MEMORY Internal 32GB 3GB RAM
MAIN CAMERA Quad 48 MP, 5 MP,2 MP,2 MP,
SELFIE CAMERA Single 8 MP,
BATTERY Type Li-Po 5000 mAh, non-removable","https://images.tokopedia.net/img/cache/500-square/VqbcmM/2021/6/21/b2503cff-0ae0-47e4-841f-61a8963c8497.jpg.webp?ect=4g",1731000.0,5.0,Gudang-HP
"Infinix Hot 10s 4/64GB + 6/128GB Garansi Resmi - 4/64 Black","Baru dan Bersegel~
Garansi Resmi, IMEI Terdaftar

NETWORK Technology
GSM / HSPA / LTE
LAUNCH Announced 2021, April 21
Status Coming soon. Exp. release 2021, May 12
BODY Dimensions 171.5 x 77.5 x 9.2 mm (6.75 x 3.05 x 0.36 in)
Weight -
Build Glass front, plastic back, plastic frame
SIM Dual SIM (Nano-SIM, dual stand-by)
DISPLAY Type IPS LCD, 90Hz
Size 6.82 inches, 110.5 cm2 (~83.1% screen-to-body ratio)
Resolution 720 x 1640 pixels (~263 ppi density)
PLATFORM OS Android 11, XOS 7.6
Chipset MediaTek Helio G85 (12nm)
CPU Octa-core (2x2.0 GHz Cortex-A75 & 6x1.8 GHz Cortex-A55)
GPU Mali-G52 MC2
MEMORY Card slot microSDXC (dedicated slot)
Internal 64GB 4GB RAM, 64GB 6GB RAM, 128GB 4GB RAM, 128GB 6GB RAM
eMMC 5.1
MAIN CAMERA Triple 48 MP, f/1.8, (wide), 1/2.0, 0.8¬µm, PDAF
2 MP, f/2.4, (depth)
Third, unknown camera
Features Quad-LED flash, HDR, panorama
Video 1080p@30fps
SELFIE CAMERA Single 8 MP, (wide)
Features Dual-LED flash
Video 1080p@30fps
SOUND Loudspeaker Yes
3.5mm jack Yes
COMMS WLAN Wi-Fi 802.11 a/b/g/n/ac, dual-band, Wi-Fi Direct, hotspot
Bluetooth 5.0, A2DP, LE
GPS Yes, with A-GPS
NFC No
Radio FM radio
USB microUSB 2.0, USB On-The-Go
FEATURES Sensors Fingerprint (rear-mounted), accelerometer, proximity
BATTERY Type Li-Po 6000 mAh, non-removable","https://images.tokopedia.net/img/cache/500-square/VqbcmM/2021/5/11/5f9e0ceb-bde9-4d75-a23c-ab1b449b4713.jpg.webp?ect=4g",1699000.0,4.9,duniagadgetku
"Oppo Reno 6 Ram 8GB+128GB Garansi Resmi Oppo 1 Tahun - Purple","Oppo Reno 6 Ram 8GB+128GB Garansi Resmi Oppo 1 Tahun

Keterangan
- Black atau purple [ aktivasi garansi sblm kirim ]
dapat bonus bawaan Headset dan Softcase

- Black/Purpler no aktif
masi segel pabrik tidak aktivasi dpt bonus bawaan dan FREE GIFT Speaker atau headset [ sesuai stock ]

Keterangan
- KS1 = Speaker Bluetooth
- KG10 = Headset Bluetooth

Penting
- Garansi Resmi Oppo Indonesia
- Imei Terdaftar di Kemenprin

Kelengkapan
- Handphone
- Headset
- Charger
- Softcase
- Kartu garansi Bagian user aja

Spec Detail
1. Layar Reno 6 membawa layar 6,4 inci yang terbuat dari panel Amoled. Layar dengan resolusi FHD+ ini memiliki refresh rate 90Hz. Sementara Reno 6 Pro dan Pro+ memiliki layar 6,55 inci, terbuat dari panel Amoled. Refresh rate-nya juga 90Hz. 2. Kamera Untuk foto, Reno 6 memiliki tiga kamera belakang. Kamera paling besar punya resolusi 64 MP, dibantu oleh kamera ultrawide 8 MP, dan kamera macro 2MP. Kamera depannya berkekuatan 44 MP. Reno 6 Pro mengandalkan kamera 64MP, yang disokong kamera ultrawide 8MP, dan sepasang kamera 2MP untuk fungsi macro serta depth. Sementara Reno 6 Pro+ mengandalkan kamera 50MP dari Sony, yang juga digunakan pada Oppo Find X3 Pro. Untuk fungsi ultrawide ada kamera 16MP, kamera 13MP untuk telephoto, dan kamera 2MP untuk macro. 3. Mesin Reno 6 dipacu prosesor Dimensity 1200, yang disokong memori internal 128GB sampai 256GB. Gawai ini punya pilihan RAM 8GB sampai 12GB. Mesin yang sama juga ditemukan pada Reno 6 Pro. Sementara Reno 6 Pro+ mengandalkan Snapdragon 870 dari Qualcomm. Prosesor ini didukung oleh RAM 8GB sampai 12GB, dengan memori internal 128GB sampai 256GB. Sebagai otaknya ada Android 11, yang dipoles dengan ColorOS 11.3 dari Oppo. 4. Baterai Baterai Reno 6 berkapasitas 4300 mAh, yang dibantu oleh teknologi pengisian daya 65W. Sementara Reno 6 Pro dan Pro+ mengandalkan baterai 4500 mAh, yang juga didukung teknologi pengisian cepat 65W.

Happy Shopping Guys","https://images.tokopedia.net/img/cache/500-square/VqbcmM/2021/8/16/74b5d040-46e2-421a-bc28-99fc01776fce.jpg.webp?ect=4g",4419000.0,4.9,36shop
"Infinix Note 10 Pro NFC 6/64 GB + 8/128 GB Garansi Resmi - 6/64 Nordic","Baru dan Bersegel
Garansi Resmi , IMEI Terdaftar



NETWORK Technology
GSM / HSPA / LTE
LAUNCH Announced 2021, May 12
Status Available. Released 2021, June 07
BODY Dimensions 172.8 x 78.3 x 7.8 mm (6.80 x 3.08 x 0.31 in)
Weight -
SIM Dual SIM (Nano-SIM, dual stand-by)
DISPLAY Type IPS LCD, 90Hz
Size 6.95 inches, 114.7 cm2 (~84.8% screen-to-body ratio)
Resolution 1080 x 2460 pixels (~387 ppi density)
PLATFORM OS Android 11, XOS 7.6
Chipset Mediatek Helio G95 (12 nm)
CPU Octa-core (2x2.05 GHz Cortex-A76 & 6x2.0 GHz Cortex-A55)
GPU Mali-G76 MC4
MEMORY Card slot microSDXC (dedicated slot)
Internal 64GB 6GB RAM, 128GB 8GB RAM
UFS 2.2
MAIN CAMERA Quad 64 MP, (wide), 1/1.72"", 0.8¬µm, PDAF
8 MP, 120Àö (ultrawide)
2 MP, f/2.4, (depth)
2 MP, f/2.4, (monochrome)
Features Quad-LED flash, HDR, panorama
Video 4K@30fps, 1080p@30fps
SELFIE CAMERA Single 16 MP, (wide)
Video 1080p@30fps
SOUND Loudspeaker Yes, with dual speakers
3.5mm jack Yes
COMMS WLAN Wi-Fi 802.11 a/b/g/n/ac, dual-band, Wi-Fi Direct, hotspot
Bluetooth 5.0, A2DP, LE
GPS Yes, with A-GPS
NFC Yes
Radio FM radio
USB USB Type-C 2.0, USB On-The-Go
FEATURES Sensors Fingerprint (side-mounted), accelerometer, gyro, proximity, compass
BATTERY Type Li-Po 5000 mAh, non-removable
Charging Fast Charging 33W","https://images.tokopedia.net/img/cache/500-square/VqbcmM/2021/6/19/b9dcac2e-3e41-465d-b4a8-f6ed69805772.jpg.webp?ect=4g",2649000.0,5.0,duniagadgetku
"Infinix Hot 10 Play Ram 4 Rom 64 GB Garansi Resmi - Biru","Infinix HOT 10 Play hadir dengan layar IPS 6,82 inci dengan resolusi HD+ 720 x
1640 piksel, prosesor MediaTek Helio G25 dan baterai 6.000 mAh.

Spesifikasi:

* Network : GSM / HSPA / LTE
* Dimensions : 171.8 x 78 x 8.9 mm (6.76 x 3.07 x 0.35 in)
* Weight : 207 g (7.30 oz)
* Build : Glass front, plastic back, plastic frame
* SIM : Dual SIM (Nano-SIM, dual stand-by)
* Display : IPS LCD, 440 nits (typ)
* Size : 6.82 inches, 110.5 cm2 (~82.4% screen-to-body ratio)
* Resolution : 720 x 1640 pixels (~263 ppi density)
* OS : Android 10 (Go edition), XOS 7
* Chipset : MediaTek Helio G25 (12 nm)
* CPU : Octa-core (2x2.0 GHz Cortex-A75 & 6x1.8 GHz Cortex-A55)
* GPU : Mali-G52 MC2
* Card slot : microSDXC (dedicated slot)
* Kamera Depan : Dual 13MP + Secondary unspecified camera
* Kamera Belakang : 8MP
* Loudspeaker : Yes
* 3.5mm jack : Yes
* WLAN : Wi-Fi 802.11 a/b/g/n/ac, dual-band, Wi-Fi Direct, hotspot
* Bluetooth : 5.0, A2DP, LE
* GPS : Yes, with A-GPS
* NFC : No
* Radio : FM radio
* USB : microUSB 2.0, USB On-The-Go
* Sensors : Fingerprint (rear-mounted), accelerometer, proximity, compass
* Baterry : Li-Po 6000 mAh, non-removable
* Charging : Charging 10W
* Colors : Aegean Blue, Morandi Green, Obsidian Black, Purple","https://images.tokopedia.net/img/cache/500-square/VqbcmM/2021/7/7/0f14bb59-942b-459c-9a43-f1499f46e8f9.jpg.webp?ect=4g",1538000.0,5.0,"Best Phone Cell"
"Infinix Hot 10 S 4/64 GB Garansi Resmi - Ungu","Ready Stok *16 September 2021

SIM Dual SIM
Size 6.82 inches
PLATFORM OS Android 11, XOS 7.6
Chipset MediaTek Helio G85 (12nm)
CPU Octa-core (2x2.0 GHz Cortex-A75 & 6x1.8 GHz Cortex-A55)
GPU Mali-G52 MC2
MEMORY Internal 64GB 4GB RAM
MAIN CAMERA Triple 48 MP, 2 MP,
SELFIE CAMERA Single 8 MP,
BATTERY Type Li-Po 6000 mAh, non-removable","https://images.tokopedia.net/img/cache/500-square/VqbcmM/2021/6/21/e2d500c5-8887-487b-811a-120c364d8e9e.jpg.webp?ect=4g",1671000.0,5.0,Gudang-HP
"XIAOMI REDMI 9A 2/32 GARANSI RESMI - Biru","SPESIFIKASI



SIM Dual SIM (Nano-SIM, dual stand-by)
Size 6.53 inches, 102.9 cm2 (~81.1% screen-to-body ratio)
PLATFORM OS Android 10, MIUI 12
Chipset MediaTek Helio G25 (12 nm)
CPU Octa-core 2.0 GHz Cortex-A53
GPU PowerVR GE8320
Internal 32GB 2GB RAM
MAIN CAMERA Single 13 MP, f/2.2, 28mm (wide), PDAF
SELFIE CAMERA Single 5 MP, f/2.2, (wide), 1.12¬µm
BATTERY Li-Po 5000 mAh, non-removable","https://images.tokopedia.net/img/cache/500-square/VqbcmM/2021/4/5/9e9a2f7d-cab3-41ae-98d7-ecb670481699.jpg.webp?ect=4g",1195000.0,5.0,jikalaku
"Infinix Hot 10S 4/64GB ‚Äì Helio G85 ‚Äì 6.000 mAh ‚Äì 48MP Camera - Ungu","Dimensi 171.5*77.5*9.2mm
90Hz 6.82‚Äù HD+ Ultra Smooth Display
Mediatek Helio G85 Excellent Gaming Perfomance
Baterai 6.000mAh Power Marathon Tech Non-stop Playing
Dar-link Ultimate Game Booster
64GB ROM + 4GB RAM
48MP+2MP+AI Lens with Quad-Flash Light
8MP FF with Dual Flash Light
Triple-slot
Fingerprint & Face Unlock
AndroidTM 11
Garansi Resmi Infinix
Gratis Soft Case
Gratis Screen Protector","https://images.tokopedia.net/img/cache/500-square/VqbcmM/2021/9/1/52aeef5e-4d41-4063-b8df-a99084414d50.jpg.webp?ect=4g",1734000.0,4.9,"Infinix Official Store"
"Xiaomi Poco X3 Pro 6/128 GB - Garansi Resmi Xiaomi Indonesia - Black","Garansi Resmi Xiaomi Indonesia 15 Bulan

100% Original Baru dan Segel Asli

Imei Terdaftar Resmi di Kemenperin

Spesifikasi :

Jaringan GSM / HSPA / LTE
Sistem Operasi Android 11
Prosesor Qualcomm Snapdragon 860 (7 nm), Octa-core (1x2.96 GHz Kryo 485 Gold & 3x2.42 GHz Kryo 485 Gold & 4x1.78 GHz Kryo 485 Silver)
GPU Adreno 640
RAM 6 GB
ROM 128 GB
Ukuran Layar 6.67 inch
Tipe Layar IPS LCD, 120Hz, HDR10, 450 nits (typ)
Resolusi Layar 1080 x 2400 pixels
Kamera Belakang Quad 48 MP, f/1.8, (wide), 1/2.0"", 0.8¬µm, PDAF, 8 MP, f/2.2, 119Àö (ultrawide), 2 MP, f/2.4, (macro), 2 MP, f/2.4, (depth)
Kamera Depan 20 MP, f/2.2, (wide), 1/3.4"", 0.8¬µm
Fitur Kamera Dual-LED flash, HDR, panorama
Audio Loudspeaker & 3.5mm jack
WLAN Wi-Fi 802.11 a/b/g/n/ac, dual-band, Wi-Fi Direct, hotspot
Bluetooth 5.0, A2DP, LE
GPS Yes, with A-GPS, GLONASS, GALILEO, BDS
Sensor Fingerprint (side-mounted), accelerometer, gyro, proximity, compass
Baterai 5160 mAh
Pengisian Daya Fast charging 33W
Slot Memori Eksternal MicroSD Slot
SIM Hybrid Dual Nano SIM
Berat 215 gram
Dimensi 165.3 x 76.8 x 9.4 mm","https://images.tokopedia.net/img/cache/500-square/VqbcmM/2021/5/8/c353484c-c72a-460a-bb25-682f6945c524.jpg.webp?ect=4g",3425000.0,5.0,"Universe Store"
"XIAOMI REDMI 9C RAM 4 64 RAM 3 32 GARANSI RESMI - RAM 3 32","MOHON CHAT DULU SEBELUM PEMBAYARAN

UNTUK BONUS ACCESORIES,BISA PILIH DI VARIAN GIFT(UTK NON GIFT=TANPA BONUS ACCESORIES/STANDARD DLM BOXNYA)

PERMINTAAN WARNA DAN VARIAN GIFT HARAP DITULIS DI CATATAN

KIRIM SETIAP HARI ( SENIN - MINGGU )LANGSUNG PROSES!!!

READY GOJEK/GRAB!!!
SAMEDAY sebelum - jam 3 SORE (Gosend) jam 4 SORE (Grab) mohon jangan mepet2üòä
INSTAN sebelum - jam 5 SORE (Gosend) Jam 6 SORE (Grab) mohon jangan mepet2üòä

READY ANTER AJA SAMEDAY-sebelum jam 3 SORE!!

NOTE:PENTING!!!
ORDER MAKSIMAL 1JAM SBLMNYA!!!

JNE/J&T DIKIRIM HARI YANG SAMA UNTUK PESANAN SEBELUM JAM 5 SORE(SENIN-MINGGU)","https://images.tokopedia.net/img/cache/500-square/VqbcmM/2021/7/9/ed1993ad-48da-4828-82e5-574a0129815b.jpg.webp?ect=4g",1445000.0,4.9,"Bintang Terang Cell"
"Samsung Galaxy A12 4/128 Garansi Resmi - Biru","Samsung Galaxy A12 Smartphone [128GB/ 4GB/ D]
Samsung Galaxy A12 hadir dengan layar Infinity-V berukuran 6.5 inci beresolusi HD+. Di dalamnya terdapat chip prosesor Mediatek Helio P35.

Spesifikasi:

Networks: GSM/HSPA/LTE
Dimensions: 164 x 75.8 x 8.9 mm (6.46 x 2.98 x 0.35 in)
Weight: 205 g (7.23 oz)
Build: Glass front, plastic haze & mate
SIM: Dual Nano SIM
Display Type: TFT
Size: 6.5 inches, 103.7 cm2 (~83.4% screen-to-body ratio)
Resolution: 720 x 1560 pixels, 19.5:9 ratio (~264 ppi density)
OS: Android 10
Prosesor: Mediatek Helio P35
Card slot: microSDXC
Main Camera: Quad Camera : 48MP + 5MP + 2MP + 2MP
Selfie Camera: 8MP
Loudspeaker: Yes
3.5mm jack: Yes
WLAN: Yes
Bluetooth: Yes
GPS: Yes, with A-GPS, GLONASS, GALILEO, BDS
Radio: Unspecified
USB: USB Type-C 2.0
Sensors: Fingerprint (side-mounted); unspecified sensors
Battery: Li-Po 5000 mAh, non-removable
Charging: Fast charging 15W","https://images.tokopedia.net/img/cache/500-square/VqbcmM/2021/1/8/cdd1be5e-d870-44ae-9369-aea2a58c8c60.jpg.webp?ect=4g",2185000.0,5.0,"PRISMA ROXY"
"Xiaomi POCO M3 6/128 RAM 6GB ROM 128GB - Hitam","Garansi Resmi Xiaomi Indonesia 1 Tahun
SEGEL & NO REPACK

#DIAMOND HANDPHONE#
- OFFICIAL STORE, toko terpercaya bekerjasama dengan Tokopedia
- Great service, excellent after sales
- Bisa terbitkan faktur pajak PPN
- Pembelian QTY, harga khusus
- Menerima pengadaan barang perusahaan


Alamat toko Diamond Handphone
Jl. Teuku Umar No. 76
Jl. Raya Kuta Tuban No. 7
Jl. Raya Sesetan No. 277
Jl. Raya Canggu Tibubeneng No. 17

TAMBAHAN PACKING


Bungkus kado hadiah termasuk kartu ucapan + kertas kado + pita + bubble wrap + kardus


Aksesoris untuk melindungi HP kamu:
Tempered glass
Anticrack bening case
Slim black matte case

Sistem Operasi: Android 10
Prosesor: Qualcomm Snapdragon 662
RAM: 6GB
ROM: 128GB
Ukuran Layar: 6.53"" FHD+
Kamera Belakang: TRIPLE 48MP + 2MP + 2MP
Kamera Depan: 8 MP
Baterai: 6000mAh
SIM: Dual Nano SIM","https://images.tokopedia.net/img/cache/500-square/VqbcmM/2021/9/7/7747802e-3da5-4609-8254-583a44424d55.png.webp?ect=4g",2299000.0,4.9,"Diamond Handphone Bali"
"INFINIX NOTE 10 PRO NFC RAM 8 128 RAM 6 64 GARANSI RESMI - RAM 6 64, BLACK","GARANSI RESMI INFINIX INDONESIA,IMEI TERDAFTAR

MOHON CHAT DULU SEBELUM PEMBAYARAN

UNTUK BONUS ACCESORIES,BISA PILIH DI VARIAN GIFT(UTK NON GIFT=TANPA BONUS ACCESORIES/STANDARD DLM BOXNYA)

PERMINTAAN WARNA DAN VARIAN GIFT HARAP DITULIS DI CATATAN

KIRIM SETIAP HARI ( SENIN - MINGGU )LANGSUNG PROSES!!!

READY GOJEK/GRAB!!!
SAMEDAY sebelum - jam 3 SORE (Gosend) jam 4 SORE (Grab) mohon jangan mepet2üòä
INSTAN sebelum - jam 5 SORE (Gosend) Jam 6 SORE (Grab) mohon jangan mepet2üòä

READY ANTER AJA SAMEDAY-sebelum jam 3 SORE!!

NOTE:PENTING!!!
ORDER MAKSIMAL 1JAM SBLMNYA!!!

JNE/J&T DIKIRIM HARI YANG SAMA UNTUK PESANAN SEBELUM JAM 5 SORE(SENIN-MINGGU)","https://images.tokopedia.net/img/cache/500-square/VqbcmM/2021/7/9/2aa16215-3e82-4546-9cdb-f8a99fc20b04.jpg.webp?ect=4g",2599000.0,5.0,"Bintang Terang Cell"
"Infinix Hot 10 Play 2/32 GB Garansi Resmi - Hijau","Ready Stock *16 September 2021

SIM Dual SIM (Nano-SIM, dual stand-by)
Size 6.82 inches,
PLATFORM OS Android 10 (Go edition), XOS 7
Chipset MediaTek Helio G25 (12 nm)
CPU Octa-core (2x2.0 GHz Cortex-A75 & 6x1.8 GHz Cortex-A55)
GPU Mali-G52 MC2
Internal 32GB 2GB RAM,
MAIN CAMERA Dual 13 MP,
SELFIE CAMERA Single 8 MP,
BATTERY Type Li-Po 6000 mAh, non-removable","https://images.tokopedia.net/img/cache/500-square/VqbcmM/2021/2/18/8604e2ee-0c36-4c88-b881-5316f70874d5.jpg.webp?ect=4g",1204000.0,5.0,Gudang-HP
"Samsung Galaxy A72 8/128 GB Garansi Resmi - Putih","Ready Stock *16 September 2021

SIM Single SIM (Nano-SIM) or Hybrid Dual SIM (Nano-SIM, dual stand-by)
DISPLAY Type Super AMOLED, 90Hz, 800 nits (peak)
Size 6.7 inches, 108.4 cm2 (~84.9% screen-to-body ratio)
PLATFORM OS Android 11, One UI 3.1
Chipset Qualcomm SM7125 Snapdragon 720G (8 nm)
CPU Octa-core (2x2.3 GHz Kryo 465 Gold & 6x1.8 GHz Kryo 465 Silver)
GPU Adreno 618
Internal 128GB 6GB RAM, 256GB 8GB RAM
MAIN CAMERA Quad 64 MP, 8 MP, 12 MP, 5 MP,
SELFIE CAMERA Single 32 MP,
BATTERY Type Li-Ion 5000 mAh, non-removable","https://images.tokopedia.net/img/cache/500-square/VqbcmM/2021/6/21/b8be7ea9-9875-45c5-85a9-88ab057c7be9.jpg.webp?ect=4g",5711000.0,5.0,Gudang-HP
"Samsung Galaxy A52 8/128 GB Garansi Resmi SEIN - Hitam","Ready Stock *25 Agustus 2021

SIM Single SIM (Nano-SIM) or Hybrid Dual SIM (Nano-SIM, dual stand-by)
DISPLAY Type Super AMOLED, 90Hz, 800 nits (peak)
Size 6.5 inches, 102.0 cm2 (~84.9% screen-to-body ratio)
PLATFORM OS Android 11, One UI 3.1
Chipset Qualcomm SM7125 Snapdragon 720G (8 nm)
CPU Octa-core (2x2.3 GHz Kryo 465 Gold & 6x1.8 GHz Kryo 465 Silver)
GPU Adreno 618
Internal 128GB 8GB RAM,
MAIN CAMERA Quad 64 MP, 12 MP, 5 MP, 5 MP,
SELFIE CAMERA Single 32 MP,
BATTERY Type Li-Po 4500 mAh, non-removable","https://images.tokopedia.net/img/cache/500-square/VqbcmM/2021/6/20/ed5f7636-2527-433b-849e-c3e2b744c807.jpg.webp?ect=4g",4747000.0,4.9,Gudang-HP
"Infinix Smart 5 3/64 GB Garansi Resmi - Blue","Ready Stock *16 September 2021


SIM Dual SIM (Nano-SIM, dual stand-by)
Size 6.6 inches, 105.2 cm2 (~83.2% screen-to-body ratio)
PLATFORM OS Android 10 (Go edition)
Chipset Mediatek MT6761D Helio A20 (12 nm)
CPU Quad-core 1.8 GHz Cortex-A53
GPU PowerVR GE8320
Internal 64GB 3GB RAM
MAIN CAMERA Triple 13 MP ,8 MP +
SELFIE CAMERA Single 8 MP
BATTERY Type Li-Po 5000 mAh, non-removable","https://images.tokopedia.net/img/cache/500-square/VqbcmM/2021/6/21/92bb0872-7767-483e-ba0e-d1fa35bfa8b1.jpg.webp?ect=4g",1330000.0,4.9,Gudang-HP
"Xiaomi Redmi Note 10s 8/128 GB Garasni Resmi - Abu-abu","Ready Stock *25 Agustus 2021


SIM Dual SIM (Nano-SIM, dual stand-by)
DISPLAY Type AMOLED, 450 nits (typ), 1100 nits (peak)
Size 6.43 inches, 99.8 cm2 (~83.5% screen-to-body ratio)
PLATFORM OS Android 11, MIUI 12.5
Chipset Mediatek Helio G95 (12 nm)
CPU Octa-core (2x2.05 GHz Cortex-A76 & 6x2.0 GHz Cortex-A55)
GPU Mali-G76 MC4
MEMORY Card slot microSDXC (dedicated slot)
Internal 128GB 8GB RAM
UFS 2.2
MAIN CAMERA Quad 64 MP, 8 MP, 2 MP, 2 MP,
SELFIE CAMERA Single 13 MP,
BATTERY Type Li-Po 5000 mAh, non-removable","https://images.tokopedia.net/img/cache/500-square/VqbcmM/2021/6/21/96d41d0f-83ac-48ca-9f2b-bd7fc2e4d4d6.jpg.webp?ect=4g",3056000.0,5.0,Gudang-HP
"Xiaomi Poco M3 Pro 5G 4/64GB Garansi Resmi - Hitam","Ready Stock *25 Agustus 2021


SIM Hybrid Dual SIM (Nano-SIM, dual stand-by)
Size 6.5 inches, 102.0 cm2 (~83.7% screen-to-body ratio)
Protection Corning Gorilla Glass 3
PLATFORM OS Android 11, MIUI 12
Chipset MediaTek MT6833 Dimensity 700 5G (7 nm)
CPU Octa-core (2x2.2 GHz Cortex-A76 & 6x2.0 GHz Cortex-A55)
GPU Mali-G57 MC2
Internal 64GB 4GB RAM
MAIN CAMERA Triple 48 MP, f/1.8, 26mm (wide), 1/2.0"", 0.8¬µm, PDAF
2 MP, f/2.4, (macro)
2 MP, f/2.4, (depth)
SELFIE CAMERA Single 8 MP, f/2.0, (wide)
BATTERY Type Li-Po 5000 mAh, non-removable","https://images.tokopedia.net/img/cache/500-square/VqbcmM/2021/7/6/2d8b845b-4014-49c7-a2ce-a95024bda068.jpg.webp?ect=4g",2558000.0,5.0,Gudang-HP
"Xiaomi Mi 11 Lite 6/64GB + 6/128GB + 8/128GB Garansi Resmi - 6/128 Black","Baru dan segel,
Garansi Resmi Xiaomi indonesia.
IMEI Terdaftar, Service di Gerai Resmi Xiaomi Seluruh Indonesia


NETWORK Technology
GSM / HSPA / LTE
LAUNCH Announced 2021, March 29
Status Available. Released 2021, April 16
BODY Dimensions 160.5 x 75.7 x 6.8 mm (6.32 x 2.98 x 0.27 in)
Weight 157 g (5.54 oz)
SIM Hybrid Dual SIM (Nano-SIM, dual stand-by)
IP53, dust and splash protection
DISPLAY Type AMOLED, 1B colors, HDR10, 90Hz, 500 nits (typ), 800 nits
Size 6.55 inches, 103.6 cm2 (~85.3% screen-to-body ratio)
Resolution 1080 x 2400 pixels, 20:9 ratio (~402 ppi density)
Protection Corning Gorilla Glass 5
PLATFORM OS Android 11, MIUI 12
Chipset Qualcomm SM7150 Snapdragon 732G (8 nm)
CPU Octa-core (2x2.3 GHz Kryo 470 Gold & 6x1.8 GHz Kryo 470 Silver)
GPU Adreno 618
MEMORY Card slot microSDXC (uses shared SIM slot)
Internal 64GB 4GB RAM, 64GB 6GB RAM, 128GB 6GB RAM, 128GB 8GB RAM
UFS 2.2
MAIN CAMERA Triple 64 MP, f/1.8, 26mm (wide), 1/1.97"", 0.7¬µm, PDAF
8 MP, f/2.2, 119Àö (ultrawide), 1/4.0"", 1.12¬µm
5 MP, f/2.4, (macro), AF
Features Dual-LED dual-tone flash, HDR, panorama
Video 4K@30fps, 1080p@30/60/120fps; gyro-EIS
SELFIE CAMERA Single 16 MP, f/2.5, 25mm (wide), 1/3.06"" 1.0¬µm
Features HDR, panorama
Video 1080p@30fps, 720p@120fps
SOUND Loudspeaker Yes, with dual speakers
3.5mm jack No
24-bit/192kHz audio
COMMS WLAN Wi-Fi 802.11 a/b/g/n/ac, dual-band, Wi-Fi Direct, hotspot
Bluetooth 5.1, A2DP, LE
GPS Yes, A-GPS, GLONASS, BDS, GALILEO
NFC Yes (market/region dependent)
Infrared port Yes
Radio Unspecified
USB USB Type-C 2.0, USB On-The-Go
FEATURES Sensors Fingerprint (side-mounted), accelerometer, gyro, proximity, compass
BATTERY Type Li-Po 4250 mAh, non-removable
Charging Fast charging 33W","https://images.tokopedia.net/img/cache/500-square/VqbcmM/2021/6/23/7ca4e097-b139-4f32-8c81-349da35780b6.jpg.webp?ect=4g",3725000.0,5.0,duniagadgetku
"Poco X3 NFC 6/64 & 8/128 GB Garansi Resmi IMEI Terdaftar - [8/128] Blue","Garansi Resmi Xiaomi Indonesia
IMEI Terdaftar

Ready kirim


6GB 64GB ~ Ram 6 Gb Internal 64 Gb
8GB 128 GB ~ Ram 8 Gb Interal 128 Gb

NETWORK Technology
GSM / HSPA / LTE
LAUNCH Announced 2020, September 07
Status Available. Released 2020, September 08
BODY Dimensions 165.3 x 76.8 x 9.4 mm (6.51 x 3.02 x 0.37 in)
Weight 215 g (7.58 oz)
Build Glass front (Gorilla Glass 5), aluminum frame, plastic back
SIM Hybrid Dual SIM (Nano-SIM, dual stand-by)
IP53 splash-proof
DISPLAY Type IPS LCD, 120Hz, HDR10, 450 nits (typ)
Size 6.67 inches, 107.4 cm2 (~84.6% screen-to-body ratio)
Resolution 1080 x 2400 pixels, 20:9 ratio (~395 ppi density)
Protection Corning Gorilla Glass 5
PLATFORM OS Android 10, MIUI 12
Chipset Qualcomm SM7150-AC Snapdragon 732G (8 nm)
CPU Octa-core (2x2.3 GHz Kryo 470 Gold & 6x1.8 GHz Kryo 470 Silver)
GPU Adreno 618
MEMORY Card slot microSDXC (uses shared SIM slot)
Internal 64GB 6GB RAM, 128GB 6GB RAM
UFS 2.1
MAIN CAMERA Quad 64 MP, f/1.9, (wide), 1/1.73"", 0.8¬µm, PDAF
13 MP, f/2.2, 119Àö (ultrawide), 1.0¬µm
2 MP, f/2.4, (macro)
2 MP, f/2.4, (depth)
Features Dual-LED flash, HDR, panorama
Video 4K@30fps, 1080p@30/120fps, 720p@960fps; gyro-EIS
SELFIE CAMERA Single 20 MP, f/2.2, (wide), 1/3.4"", 0.8¬µm
Features HDR, panorama
Video 1080p@30fps
SOUND Loudspeaker Yes, with stereo speakers
3.5mm jack Yes
24-bit/192kHz audio
COMMS WLAN Wi-Fi 802.11 a/b/g/n/ac, dual-band, Wi-Fi Direct, hotspot
Bluetooth 5.1, A2DP, LE
GPS Yes, with A-GPS, GLONASS, BDS
NFC Yes
Infrared port Yes
Radio FM radio, recording
USB USB Type-C 2.0, USB On-The-Go
FEATURES Sensors Fingerprint (side-mounted), accelerometer, gyro, proximity, compass
BATTERY Type Li-Po 5160 mAh, non-removable
Charging Fast charging 33W, 62% in 30 min, 100% in 65 min (advertised)","https://images.tokopedia.net/img/cache/500-square/VqbcmM/2020/10/17/1b4e4e8a-f5db-436b-ba2a-d74a704da25a.jpg.webp?ect=4g",3249000.0,5.0,duniagadgetku
"SAMSUNG GALAXY A32 6/128 GARANSI RESMI - Putih","SPESIFIKASI




SIM Single SIM (Nano-SIM) or Dual SIM (Nano-SIM, dual stand-by)
Size 6.4 inches, 98.9 cm2 (~84.6% screen-to-body ratio)
PLATFORM OS Android 11, One UI 3.1
Chipset Mediatek Helio G80 (12 nm)
CPU Octa-core (2x2.0 GHz Cortex-A75 & 6x1.8 GHz Cortex-A55)
GPU Mali-G52 MC2
Internal 128GB 6GB RAM,
MAIN CAMERA Quad 64 MP, 8 MP, 5 MP, 5 MP,
SELFIE CAMERA Single 20 MP,
BATTERY Type Li-Ion 5000 mAh, non-removable","https://images.tokopedia.net/img/cache/500-square/VqbcmM/2021/4/5/8c7a14c1-f4c1-433c-bd7d-514d76ee0af1.jpg.webp?ect=4g",3365000.0,4.9,jikalaku
"Infinix Hot 10S 6/128 GB - Garansi Resmi - purple","Infinix Hot 10S 6/128 Garansi Resmi



* Dimensi 171.5*77.5*9.2mm
* 90Hz 6.82‚Äù HD+ Ultra Smooth Display
* Mediatek Helio G85 Excellent Gaming Perfomance
* Baterai 6.000mAh Power Marathon Tech Non-stop Playing
* Dar-link Ultimate Game Booster
* 128GB ROM + 6GB RAM
* 48MP+2MP+AI Lens with Quad-Flash Light
* 8MP FF with Dual Flash Light
* Triple-slot dengan Dedicated Micro SD Storage hingga 512 GB
* Fingerprint & Face Unlock
* AndroidTM 11
* Garansi Resmi Infinix
* Gratis Soft Case
* Gratis Screen Protector","https://images.tokopedia.net/img/cache/500-square/VqbcmM/2021/8/15/0c723724-34e5-4dd9-bc2b-1b6961ed8790.jpg.webp?ect=4g",1985000.0,5.0,jikalaku
"oppo A57 hp ram 3/32GB Kamera 16MP+13MP 4G LTE smartphone - gold","Selamat datang di toko kami. Jika perlu, silakan berkonsultasi dengan layanan pelanggan kami dan catat alamat email Anda. Kami akan memberi Anda unboxing video dari ponsel. Terima kasih telah memilih titik ini dan semoga Anda hidup bahagia!

Kamera kecantikan
Jadikan selfie Anda lebih cerah
OPPO A57 menggunakan kamera kecantikan menghadap ke depan
dengan ukuran lensa 1.4m
Piksel dan sensor 0,635 cm (1/4 inci). Ini memungkinkan lebih banyak cahaya masuk
Kamera, sehingga Anda dapat mengambil foto narsis yang cerah dan alami, bahkan di dalam ruangan
Dalam kondisi minim cahaya.

Beautify 4.0.0 Memperbarui
Rahasia selfie yang bagus
Dengan menggunakan data wajah dari jutaan pengguna, kami merancang 7 tingkat fungsi kecantikan yang berbeda, dua di antaranya cocok untuk warna kulit yang berbeda. Waktu nyata menggunakan A57

Dengan fungsi beautification, pengguna akan mendapatkan foto-foto natural dan eye-catching yang dengan senang hati dibagikan untuk pertama kalinya.


A57 dilengkapi dengan kamera belakang 8 megapiksel dengan fungsi definisi ultra-tinggi

Mode pemotretan untuk menangkap gambar yang sangat jelas dan detail
foto. Dengan piksel besar 1,4m dan sensor 0,79 cm (1 / 3,2 inci),

Kamera belakang A57 memungkinkan akses maksimum dan
Minimalkan noise pada bidikan akhir. Piksel besar juga oke
Tingkatkan rentang dinamis dan berikan gambar dengan kedalaman yang hidup dan

Detail. Pada saat yang sama, apertur besar meningkatkan cahaya redup dan
Pertunjukan malam.


Desain all-in-one
Kekuatan cahaya
Dipotong menjadi rasio emas yang terkenal, A57 memiliki garis halus
Transisi dari bingkai ke belakang menghadirkan efek gaya dan
Merasa luar biasa.","https://images.tokopedia.net/img/cache/500-square/VqbcmM/2021/6/4/757e22c3-0143-41a8-8b14-f008a14b9ba5.jpg.webp?ect=4g",760000.0,4.9,"lifestyle 3C"
"Poco M3 pro [ 5G ] 6GB+128GB Garansi Resmi Indonesia - Black 6/128","Poco M3 pro [ 5G ] 6GB+128GB Garansi Resmi Indonesia

Khusus
6/128GB

Penting
- Garansi Resmi Tam Indonesia secara nasional
- Imei terdaftar Kemenprin

Kelengkapan
- Handphone
- Charger
- Kabel Usb
- Case

Spec Lengkap
BODY Dimensions 161.8 x 75.3 x 8.9 mm (6.37 x 2.96 x 0.35 in)
Weight 190 g (6.70 oz)
Build Glass front (Gorilla Glass 3), plastic frame, plastic back
SIM Hybrid Dual SIM (Nano-SIM, dual stand-by)
DISPLAY Type IPS LCD, 90Hz, 400 nits (typ), 500 nits (HBM)
Size 6.5 inches, 102.0 cm2 (~83.7% screen-to-body ratio)
Resolution 1080 x 2400 pixels, 20:9 ratio (~405 ppi density)
Protection Corning Gorilla Glass 3
PLATFORM OS Android 11, MIUI 12
Chipset MediaTek MT6833 Dimensity 700 5G (7 nm)
CPU Octa-core (2x2.2 GHz Cortex-A76 & 6x2.0 GHz Cortex-A55)
GPU Mali-G57 MC2
MEMORY Card slot microSDXC (uses shared SIM slot)
Internal 64GB 4GB RAM, 128GB 6GB RAM
UFS 2.2
MAIN CAMERA Triple 48 MP, f/1.8, 26mm (wide), 1/2.0"", 0.8¬µm, PDAF
2 MP, f/2.4, (macro)
2 MP, f/2.4, (depth)
Features Dual-LED dual-tone flash, HDR, panorama
Video 1080p@30fps
SELFIE CAMERA Single 8 MP, f/2.0, (wide)
Video 1080p@30fps
SOUND Loudspeaker Yes
3.5mm jack Yes
24-bit/192kHz audio
COMMS WLAN Wi-Fi 802.11 a/b/g/n/ac, dual-band, Wi-Fi Direct, hotspot
Bluetooth 5.1, A2DP, LE
GPS Yes, with A-GPS, GLONASS, GALILEO, BDS
NFC Yes (market/region dependent)
Infrared port Yes
Radio FM radio
USB USB Type-C 2.0
FEATURES Sensors Fingerprint (side-mounted), accelerometer, gyro, proximity, compass
BATTERY Type Li-Po 5000 mAh, non-removable
Charging Fast charging 18W

Happy Shopping Guys","https://images.tokopedia.net/img/cache/500-square/VqbcmM/2021/8/2/35b77b59-c7f2-45e6-a20d-e277207254ea.jpg.webp?ect=4g",2865000.0,5.0,36shop
"APPLE IPHONE 7 PLUS 32GB SEGEL GARANSI 1 TAHUN ALL OPERATOR - BLACK MATTE","Apple Iphone 7 Plus Smartphone [32 GB], hadir dengan iOS 14.1.1, upgradable to iOS 13.3 operating system dan Apple A10 Fusion (16 nm) chipset.

Fitur Produk :

Sensors Fingerprint (front-mounted), accelerometer, gyro, proximity, compass, barometer, Siri natural language commands and dictation
IP67 dust/water resistant (up to 1m for 30 mins)
Apple Pay (Visa, MasterCard, AMEX certified)
Spesifikasi :

Network Technology : GSM / HSPA / LTE
Launch Announced : 2017, September
Body Dimensions : 158.2 x 77.9 x 7.3 mm (6.23 x 3.07 x 0.29 in)
Weight : 188 g (6.63 oz)
Build : Glass front (Gorilla Glass), aluminum back, aluminum frame
SIM : Nano-SIM
Display : Retina IPS LCD capacitive touchscreen, 16M colors
Size : 5.5 inches, 83.4 cm2 (~67.7% screen-to-body ratio)
Resolution : 1080 x 1920 pixels, 16:9 ratio (~401 ppi density)
Protection : Ion-strengthened glass, oleophobic coating
Platform : OS iOS 11.1.1, upgradable to iOS 13.3
Chipset : Apple A10 Fusion (16 nm)
CPU : Quad-core 2.34 GHz (2x Hurricane + 2x Zephyr)
GPU : PowerVR Series7XT Plus (six-core graphics)
Memory : Card slot - No Internal : 32GB & 128GB & 256GB
RAM : 2GB
Main Camera : Dual 12 MP, f/1.8, 28mm (wide), 1/3"", 1.22√É¬Ç√Ç¬µm, dual pixel PDAF, OIS, 12 MP, f/2.4, 52mm (telephoto), 1/3.4"", 1.0√É¬Ç√Ç¬µm, PDAF, OIS, 2x optical zoom, Features Quad-LED dual-tone flash, HDR (photo/panorama), panorama, HDR Video : 2160p@24/30/60fps, 1080p@30/60/120/240fps
Selfie Camera : 7 MP, f/2.2, 32mm (standard),SL 3D camera, Features HDR Video : 1080p@30fps
Sound : Loudspeaker Yes, with stereo speakers, 3.5mm jack No
COMMS WLAN : Wi-Fi 802.11 a/b/g/n/ac, dual-band, hotspot Bluetooth : 4.2, A2DP, LE GPS : Yes, with A-GPS, GLONASS, GALILEO, QZSS NFC : Yes Radio : No USB : 2.0, proprietary reversible connector
Battery: Non-removable Li-Ion 2900 mAh battery (11.1 Wh)","https://images.tokopedia.net/img/cache/500-square/VqbcmM/2021/3/15/807cde64-2f1c-4d34-b5ea-131775ed9d80.jpg.webp?ect=4g",3599000.0,5.0,"YJB IPHONE STORE"
"SAMSUNG GALAXY S9+ S9 PLUS SECOND S9+ BEKAS MULUS FULLSET ORIGINAL - Hitam, 6+64GB","Samsung S9 Plus 6/64 ex inter
Fisik Mulus .. 98-99%


Warna :
* Ungu
* Biru
* Hitam

Penjelasan barang yang anda dapat :
1. Bekas Original
2. Fisik Mulus 97%
3. Fungsi, Mesin 100% NORMAL
SINYAL DIJAMIN AMAN YA !!!
4. Bisa dipakai semua kartu GSM diIndonesia (Telkomsel, XL, Indosat, dll



Spesifikasi :
* 4G LTE
*RAM 6GB
* ROM 64GB

Untuk Warna Tolong Cantumkan Di Catatan ya kak :) Terimakasih","https://images.tokopedia.net/img/cache/500-square/VqbcmM/2021/9/2/08f54ac2-b32d-47a6-84d2-5bf79ee8f85d.jpg.webp?ect=4g",3350000.0,5.0,"Arisa phone store"
"Redmi Note 10 Pro 6/64GB + 8/128GB Garansi Resmi - 6/128 Grey","Garansi Resmi Xiaomi Indonesia
IMEI Terdaftar~

Siap kirim~
Bukan Pre Order

NETWORK Technology
GSM / HSPA / LTE
LAUNCH Announced 2021, March 04
Status Available. Released 2021, March 24
BODY Dimensions 164 x 76.5 x 8.1 mm (6.46 x 3.01 x 0.32 in)
Weight 193 g (6.81 oz)
Build Glass front (Gorilla Glass 5), glass back (Gorilla Glass 5), plastic frame
SIM Dual SIM (Nano-SIM, dual stand-by)
IP53, dust and splash protection
DISPLAY Type AMOLED, 120Hz, HDR10, 450 nits (typ), 1200 nits (peak)
Size 6.67 inches, 107.4 cm2 (~85.6% screen-to-body ratio)
Resolution 1080 x 2400 pixels, 20:9 ratio (~395 ppi density)
Protection Corning Gorilla Glass 5
PLATFORM OS Android 11, MIUI 12
Chipset Qualcomm SM7150 Snapdragon 732G (8 nm)
CPU Octa-core (2x2.3 GHz Kryo 470 Gold & 6x1.8 GHz Kryo 470 Silver)
GPU Adreno 618
MEMORY Card slot microSDXC (dedicated slot)
Internal 64GB 6GB RAM, 128GB 6GB RAM, 128GB 8GB RAM
UFS 2.2
MAIN CAMERA Quad 108 MP, f/1.9, 26mm (wide), 1/1.52"", 0.7¬µm, dual pixel PDAF
8 MP, f/2.2, 118Àö (ultrawide), 1/4.0"", 1.12¬µm
5 MP, f/2.4, (macro), AF
2 MP, f/2.4, (depth)
Features LED flash, HDR, panorama
Video 4K@30fps, 1080p@30/60fps
SELFIE CAMERA Single 16 MP, f/2.5, (wide), 1/3.06"", 1.0¬µm
Features Panorama
Video 1080p@30fps, 720p@120fps
SOUND Loudspeaker Yes, with stereo speakers
3.5mm jack Yes
24-bit/192kHz audio
COMMS WLAN Wi-Fi 802.11 a/b/g/n/ac, dual-band, Wi-Fi Direct, hotspot
Bluetooth 5.1, A2DP, LE
GPS Yes, with A-GPS, GLONASS, GALILEO, BDS
NFC Yes (market/region dependent)
Infrared port Yes
Radio FM radio
USB USB Type-C 2.0
FEATURES Sensors Fingerprint (side-mounted), accelerometer, gyro, proximity, compass
BATTERY Type Li-Po 5020 mAh, non-removable","https://images.tokopedia.net/img/cache/500-square/VqbcmM/2021/3/31/5a643563-0f91-4abc-97fa-7f32ab9dbc79.jpg.webp?ect=4g",3635000.0,5.0,duniagadgetku
